mare,stime,follicles,sin1,cos1,time
1,-.1363636,20,-.7557494,.65486091,1
1,-.090909101,15,-.54064089,.84125352,2
1,-.045454551,19,-.28173259,.95949298,3
1,0,16,0,1,4
1,.045454551,13,.28173259,.95949298,5
1,.090909101,10,.54064089,.84125352,6
1,.1363636,12,.7557494,.65486091,7
1,.1818182,14,.90963203,.4154149,8
1,.2272727,13,.98982143,.14231499,9
1,.27272731,20,.98982143,-.14231507,10
1,.31818181,22,.90963203,-.41541499,11
1,.3636364,15,.7557494,-.65486091,12
1,.40909091,18,.54064083,-.84125352,13
1,.4545455,17,.28173229,-.95949304,14
1,.5,14,1.2246469e-16,-1,15
1,.5454545,18,-.28173229,-.95949304,16
1,.59090912,14,-.54064101,-.8412534,17
1,.63636363,16,-.75574952,-.65486079,18
1,.68181819,17,-.90963203,-.41541499,19
1,.72727269,18,-.98982143,-.14231507,20
1,.77272731,18,-.98982143,.14231507,21
1,.81818181,17,-.90963203,.41541499,22
1,.86363637,14,-.75574952,.65486079,23
1,.90909088,12,-.54064101,.8412534,24
1,.9545455,12,-.28173229,.95949304,25
1,1,14,-2.4492937e-16,1,26
1,1.045455,10,.28173518,.95949221,27
1,1.090909,11,.54064035,.84125382,28
1,1.136364,16,.75575101,.65485907,29
2,-.15000001,6,-.809017,.58778524,1
2,-.1,6,-.58778524,.809017,2
2,-.050000001,8,-.309017,.95105654,3
2,0,7,0,1,4
2,.050000001,16,.309017,.95105654,5
2,.1,10,.58778524,.809017,6
2,.15000001,13,.809017,.58778524,7
2,.2,9,.95105654,.30901697,8
2,.25,7,1,6.1232343e-17,9
2,.30000001,6,.95105648,-.30901706,10
2,.34999999,8,.809017,-.58778524,11
2,.40000001,8,.58778524,-.809017,12
2,.44999999,6,.30901706,-.95105648,13
2,.5,8,1.2246469e-16,-1,14
2,.55000001,7,-.30901706,-.95105648,15
2,.60000002,9,-.58778536,-.80901688,16
2,.64999998,6,-.80901688,-.58778536,17
2,.69999999,4,-.95105648,-.30901706,18
2,.75,5,-1,-1.8369701e-16,19
2,.80000001,8,-.95105648,.30901706,20
2,.85000002,11,-.80901688,.58778536,21
2,.89999998,13,-.58778536,.80901688,22
2,.94999999,10,-.30901706,.95105648,23
2,1,6,-2.4492937e-16,1,24
2,1.05,7,.3090167,.9510566,25
2,1.1,6,.58778536,.80901688,26
2,1.15,5,.80901688,.58778536,27
3,-.1578947,13,-.83716637,.54694837,1
3,-.1052632,11,-.61421293,.78914034,2
3,-.052631579,10,-.32469946,.94581723,3
3,0,6,0,1,4
3,.052631579,8,.32469946,.94581723,5
3,.1052632,6,.61421293,.78914034,6
3,.1578947,9,.83716637,.54694837,7
3,.2105263,9,.96940023,.24548557,8
3,.2631579,10,.99658448,-.082579404,9
3,.31578949,8,.91577327,-.40169552,10
3,.36842111,14,.73572367,-.6772818,11
3,.4210526,13,.47594753,-.87947369,12
3,.47368419,14,.16459471,-.98636127,13
3,.52631581,16,-.16459471,-.98636127,14
3,.57894742,20,-.47594771,-.87947357,15
3,.63157898,21,-.73572403,-.67728144,16
3,.68421048,25,-.91577321,-.4016957,17
3,.7368421,23,-.99658448,-.082579404,18
3,.78947371,19,-.96940023,.24548566,19
3,.84210533,22,-.83716625,.54694849,20
3,.89473683,16,-.61421281,.78914046,21
3,.94736838,21,-.3246997,.94581717,22
3,1,19,-2.4492937e-16,1,23
3,1.052632,20,.32470182,.94581646,24
3,1.105263,17,.61421192,.78914112,25
3,1.157895,24,.83716726,.54694694,26
4,-.1363636,9,-.7557494,.65486091,1
4,-.090909101,9,-.54064089,.84125352,2
4,-.045454551,7,-.28173259,.95949298,3
4,0,6,0,1,4
4,.045454551,7,.28173259,.95949298,5
4,.090909101,6,.54064089,.84125352,6
4,.1363636,1,.7557494,.65486091,7
4,.1818182,1,.90963203,.4154149,8
4,.2272727,1,.98982143,.14231499,9
4,.27272731,5,.98982143,-.14231507,10
4,.31818181,6,.90963203,-.41541499,11
4,.3636364,3,.7557494,-.65486091,12
4,.40909091,5,.54064083,-.84125352,13
4,.4545455,3,.28173229,-.95949304,14
4,.5,6,1.2246469e-16,-1,15
4,.5454545,8,-.28173229,-.95949304,16
4,.59090912,6,-.54064101,-.8412534,17
4,.63636363,5,-.75574952,-.65486079,18
4,.68181819,6,-.90963203,-.41541499,19
4,.72727269,8,-.98982143,-.14231507,20
4,.77272731,11,-.98982143,.14231507,21
4,.81818181,14,-.90963203,.41541499,22
4,.86363637,8,-.75574952,.65486079,23
4,.90909088,9,-.54064101,.8412534,24
4,.9545455,10,-.28173229,.95949304,25
4,1,7,-2.4492937e-16,1,26
4,1.045455,7,.28173518,.95949221,27
4,1.090909,6,.54064035,.84125382,28
4,1.136364,11,.75575101,.65485907,29
5,-.1363636,10,-.7557494,.65486091,1
5,-.090909101,12,-.54064089,.84125352,2
5,-.045454551,12,-.28173259,.95949298,3
5,0,17,0,1,4
5,.045454551,9,.28173259,.95949298,5
5,.090909101,10,.54064089,.84125352,6
5,.1363636,3,.7557494,.65486091,7
5,.1818182,12,.90963203,.4154149,8
5,.2272727,13,.98982143,.14231499,9
5,.27272731,9,.98982143,-.14231507,10
5,.31818181,4,.90963203,-.41541499,11
5,.3636364,7,.7557494,-.65486091,12
5,.40909091,4,.54064083,-.84125352,13
5,.4545455,12,.28173229,-.95949304,14
5,.5,14,1.2246469e-16,-1,15
5,.5454545,12,-.28173229,-.95949304,16
5,.59090912,15,-.54064101,-.8412534,17
5,.63636363,17,-.75574952,-.65486079,18
5,.68181819,15,-.90963203,-.41541499,19
5,.72727269,13,-.98982143,-.14231507,20
5,.77272731,18,-.98982143,.14231507,21
5,.81818181,19,-.90963203,.41541499,22
5,.86363637,13,-.75574952,.65486079,23
5,.90909088,9,-.54064101,.8412534,24
5,.9545455,12,-.28173229,.95949304,25
5,1,8,-2.4492937e-16,1,26
5,1.045455,10,.28173518,.95949221,27
5,1.090909,5,.54064035,.84125382,28
5,1.136364,14,.75575101,.65485907,29
6,-.1363636,16,-.7557494,.65486091,1
6,-.090909101,17,-.54064089,.84125352,2
6,-.045454551,13,-.28173259,.95949298,3
6,0,17,0,1,4
6,.045454551,15,.28173259,.95949298,5
6,.090909101,9,.54064089,.84125352,6
6,.1363636,8,.7557494,.65486091,7
6,.1818182,5,.90963203,.4154149,8
6,.2272727,9,.98982143,.14231499,9
6,.27272731,8,.98982143,-.14231507,10
6,.31818181,8,.90963203,-.41541499,11
6,.3636364,13,.7557494,-.65486091,12
6,.40909091,14,.54064083,-.84125352,13
6,.4545455,13,.28173229,-.95949304,14
6,.5,14,1.2246469e-16,-1,15
6,.5454545,14,-.28173229,-.95949304,16
6,.59090912,11,-.54064101,-.8412534,17
6,.63636363,17,-.75574952,-.65486079,18
6,.68181819,21,-.90963203,-.41541499,19
6,.72727269,21,-.98982143,-.14231507,20
6,.77272731,21,-.98982143,.14231507,21
6,.81818181,20,-.90963203,.41541499,22
6,.86363637,17,-.75574952,.65486079,23
6,.90909088,18,-.54064101,.8412534,24
6,.9545455,22,-.28173229,.95949304,25
6,1,10,-2.4492937e-16,1,26
6,1.045455,11,.28173518,.95949221,27
6,1.090909,11,.54064035,.84125382,28
6,1.136364,12,.75575101,.65485907,29
7,-.15000001,18,-.809017,.58778524,1
7,-.1,13,-.58778524,.809017,2
7,-.050000001,14,-.309017,.95105654,3
7,0,12,0,1,4
7,.050000001,11,.309017,.95105654,5
7,.1,8,.58778524,.809017,6
7,.15000001,5,.809017,.58778524,7
7,.2,8,.95105654,.30901697,8
7,.25,10,1,6.1232343e-17,9
7,.30000001,11,.95105648,-.30901706,10
7,.34999999,10,.809017,-.58778524,11
7,.40000001,12,.58778524,-.809017,12
7,.44999999,10,.30901706,-.95105648,13
7,.5,9,1.2246469e-16,-1,14
7,.55000001,12,-.30901706,-.95105648,15
7,.60000002,14,-.58778536,-.80901688,16
7,.64999998,16,-.80901688,-.58778536,17
7,.69999999,13,-.95105648,-.30901706,18
7,.75,11,-1,-1.8369701e-16,19
7,.80000001,13,-.95105648,.30901706,20
7,.85000002,13,-.80901688,.58778536,21
7,.89999998,11,-.58778536,.80901688,22
7,.94999999,11,-.30901706,.95105648,23
7,1,8,-2.4492937e-16,1,24
7,1.05,14,.3090167,.9510566,25
7,1.1,4,.58778536,.80901688,26
7,1.15,7,.80901688,.58778536,27
8,-.125,13,-.70710677,.70710677,1
8,-.083333328,9,-.49999997,.86602545,2
8,-.041666672,15,-.25881907,.96592581,3
8,0,15,0,1,4
8,.041666672,12,.25881907,.96592581,5
8,.083333328,8,.49999997,.86602545,6
8,.125,10,.70710677,.70710677,7
8,.1666667,6,.86602551,.49999982,8
8,.2083333,9,.96592575,.25881925,9
8,.25,8,1,6.1232343e-17,10
8,.29166669,10,.96592581,-.25881916,11
8,.33333331,6,.86602545,-.49999988,12
8,.375,8,.70710677,-.70710677,13
8,.41666669,13,.49999988,-.86602545,14
8,.45833331,12,.25881916,-.96592581,15
8,.5,12,1.2246469e-16,-1,16
8,.54166669,15,-.25881916,-.96592581,17
8,.58333331,21,-.49999988,-.86602545,18
8,.625,25,-.70710677,-.70710677,19
8,.66666669,21,-.86602545,-.49999988,20
8,.70833331,21,-.96592581,-.25881916,21
8,.75,24,-1,-1.8369701e-16,22
8,.79166669,20,-.96592581,.25881916,23
8,.83333331,20,-.86602545,.49999988,24
8,.875,18,-.70710677,.70710677,25
8,.91666669,20,-.49999988,.86602545,26
8,.95833331,20,-.25881916,.96592581,27
8,1,19,-2.4492937e-16,1,28
8,1.041667,12,.25882098,.96592534,29
8,1.083333,7,.49999827,.8660264,30
8,1.125,8,.70710677,.70710677,31
9,-.1666667,10,-.86602551,.49999982,1
9,-.1111111,14,-.64278752,.7660445,2
9,-.05555556,12,-.34202015,.93969262,3
9,0,10,0,1,4
9,.05555556,7,.34202015,.93969262,5
9,.1111111,12,.64278752,.7660445,6
9,.1666667,10,.86602551,.49999982,7
9,.22222219,8,.98480773,.17364836,8
9,.27777779,10,.98480773,-.17364825,9
9,.33333331,15,.86602545,-.49999988,10
9,.3888889,15,.64278758,-.7660445,11
9,.44444439,12,.34202048,-.9396925,12
9,.5,19,1.2246469e-16,-1,13
9,.55555558,15,-.3420203,-.93969256,14
9,.6111111,16,-.64278758,-.7660445,15
9,.66666669,15,-.86602545,-.49999988,16
9,.72222221,17,-.98480773,-.17364825,17
9,.77777779,14,-.98480773,.17364825,18
9,.83333331,16,-.86602545,.49999988,19
9,.8888889,15,-.64278758,.7660445,20
9,.94444442,11,-.3420203,.93969256,21
9,1,10,-2.4492937e-16,1,22
9,1.0555561,7,.3420231,.93969154,23
9,1.111111,4,.64278728,.76604474,24
9,1.166667,8,.8660264,.49999827,25
10,-.1363636,11,-.7557494,.65486091,1
10,-.090909101,16,-.54064089,.84125352,2
10,-.045454551,15,-.28173259,.95949298,3
10,0,12,0,1,4
10,.045454551,11,.28173259,.95949298,5
10,.090909101,6,.54064089,.84125352,6
10,.1363636,11,.7557494,.65486091,7
10,.1818182,12,.90963203,.4154149,8
10,.2272727,11,.98982143,.14231499,9
10,.27272731,16,.98982143,-.14231507,10
10,.31818181,15,.90963203,-.41541499,11
10,.3636364,11,.7557494,-.65486091,12
10,.40909091,7,.54064083,-.84125352,13
10,.4545455,14,.28173229,-.95949304,14
10,.5,20,1.2246469e-16,-1,15
10,.5454545,22,-.28173229,-.95949304,16
10,.59090912,23,-.54064101,-.8412534,17
10,.63636363,21,-.75574952,-.65486079,18
10,.68181819,21,-.90963203,-.41541499,19
10,.72727269,23,-.98982143,-.14231507,20
10,.77272731,22,-.98982143,.14231507,21
10,.81818181,22,-.90963203,.41541499,22
10,.86363637,17,-.75574952,.65486079,23
10,.90909088,17,-.54064101,.8412534,24
10,.9545455,17,-.28173229,.95949304,25
10,1,17,-2.4492937e-16,1,26
10,1.045455,14,.28173518,.95949221,27
10,1.090909,12,.54064035,.84125382,28
10,1.136364,11,.75575101,.65485907,29
11,-.15000001,9,-.809017,.58778524,1
11,-.1,8,-.58778524,.809017,2
11,-.050000001,8,-.309017,.95105654,3
11,0,8,0,1,4
11,.050000001,8,.309017,.95105654,5
11,.1,6,.58778524,.809017,6
11,.15000001,7,.809017,.58778524,7
11,.2,8,.95105654,.30901697,8
11,.25,10,1,6.1232343e-17,9
11,.30000001,10,.95105648,-.30901706,10
11,.34999999,14,.809017,-.58778524,11
11,.40000001,13,.58778524,-.809017,12
11,.44999999,8,.30901706,-.95105648,13
11,.5,8,1.2246469e-16,-1,14
11,.55000001,8,-.30901706,-.95105648,15
11,.60000002,9,-.58778536,-.80901688,16
11,.64999998,16,-.80901688,-.58778536,17
11,.69999999,12,-.95105648,-.30901706,18
11,.75,10,-1,-1.8369701e-16,19
11,.80000001,12,-.95105648,.30901706,20
11,.85000002,12,-.80901688,.58778536,21
11,.89999998,9,-.58778536,.80901688,22
11,.94999999,6,-.30901706,.95105648,23
11,1,9,-2.4492937e-16,1,24
11,1.05,7,.3090167,.9510566,25
11,1.1,5,.58778536,.80901688,26
11,1.15,5,.80901688,.58778536,27
