individual,mode,choice,ttme,invc,invt,gc,hinc,psize
1,0,0.0,69.0,59.0,100.0,70.0,35.0,1.0
1,1,0.0,34.0,31.0,372.0,71.0,35.0,1.0
1,2,0.0,35.0,25.0,417.0,70.0,35.0,1.0
1,3,1.0,0.0,10.0,180.0,30.0,35.0,1.0
2,0,0.0,64.0,58.0,68.0,68.0,30.0,2.0
2,1,0.0,44.0,31.0,354.0,84.0,30.0,2.0
2,2,0.0,53.0,25.0,399.0,85.0,30.0,2.0
2,3,1.0,0.0,11.0,255.0,50.0,30.0,2.0
3,0,0.0,69.0,115.0,125.0,129.0,40.0,1.0
3,1,0.0,34.0,98.0,892.0,195.0,40.0,1.0
3,2,0.0,35.0,53.0,882.0,149.0,40.0,1.0
3,3,1.0,0.0,23.0,720.0,101.0,40.0,1.0
4,0,0.0,64.0,49.0,68.0,59.0,70.0,3.0
4,1,0.0,44.0,26.0,354.0,79.0,70.0,3.0
4,2,0.0,53.0,21.0,399.0,81.0,70.0,3.0
4,3,1.0,0.0,5.0,180.0,32.0,70.0,3.0
5,0,0.0,64.0,60.0,144.0,82.0,45.0,2.0
5,1,0.0,44.0,32.0,404.0,93.0,45.0,2.0
5,2,0.0,53.0,26.0,449.0,94.0,45.0,2.0
5,3,1.0,0.0,8.0,600.0,99.0,45.0,2.0
6,0,0.0,69.0,59.0,100.0,70.0,20.0,1.0
6,1,1.0,40.0,20.0,345.0,57.0,20.0,1.0
6,2,0.0,35.0,13.0,417.0,58.0,20.0,1.0
6,3,0.0,0.0,12.0,284.0,43.0,20.0,1.0
7,0,1.0,45.0,148.0,115.0,160.0,45.0,1.0
7,1,0.0,34.0,111.0,945.0,213.0,45.0,1.0
7,2,0.0,35.0,66.0,935.0,167.0,45.0,1.0
7,3,0.0,0.0,36.0,821.0,125.0,45.0,1.0
8,0,0.0,69.0,121.0,152.0,137.0,12.0,1.0
8,1,0.0,34.0,52.0,889.0,149.0,12.0,1.0
8,2,0.0,35.0,50.0,879.0,146.0,12.0,1.0
8,3,1.0,0.0,50.0,780.0,135.0,12.0,1.0
9,0,0.0,69.0,59.0,100.0,70.0,40.0,1.0
9,1,0.0,34.0,31.0,372.0,71.0,40.0,1.0
9,2,0.0,35.0,25.0,417.0,70.0,40.0,1.0
9,3,1.0,0.0,17.0,210.0,40.0,40.0,1.0
10,0,0.0,69.0,58.0,68.0,65.0,70.0,2.0
10,1,0.0,34.0,31.0,357.0,69.0,70.0,2.0
10,2,0.0,35.0,25.0,402.0,68.0,70.0,2.0
10,3,1.0,0.0,7.0,210.0,30.0,70.0,2.0
11,0,0.0,64.0,58.0,68.0,68.0,15.0,2.0
11,1,0.0,44.0,16.0,357.0,70.0,15.0,2.0
11,2,0.0,53.0,13.0,402.0,73.0,15.0,2.0
11,3,1.0,0.0,4.0,210.0,36.0,15.0,2.0
12,0,0.0,64.0,62.0,108.0,79.0,35.0,2.0
12,1,0.0,44.0,34.0,370.0,90.0,35.0,2.0
12,2,0.0,53.0,28.0,415.0,91.0,35.0,2.0
12,3,1.0,0.0,6.0,250.0,44.0,35.0,2.0
13,0,0.0,64.0,45.0,114.0,63.0,50.0,4.0
13,1,0.0,44.0,24.0,378.0,81.0,50.0,4.0
13,2,0.0,53.0,19.0,423.0,83.0,50.0,4.0
13,3,1.0,0.0,5.0,240.0,41.0,50.0,4.0
14,0,0.0,64.0,58.0,94.0,72.0,40.0,1.0
14,1,0.0,44.0,31.0,360.0,85.0,40.0,1.0
14,2,0.0,53.0,25.0,405.0,86.0,40.0,1.0
14,3,1.0,0.0,15.0,285.0,58.0,40.0,1.0
15,0,0.0,64.0,83.0,169.0,109.0,26.0,4.0
15,1,0.0,44.0,70.0,948.0,214.0,26.0,4.0
15,2,0.0,53.0,47.0,938.0,189.0,26.0,4.0
15,3,1.0,0.0,17.0,1200.0,199.0,26.0,4.0
16,0,0.0,69.0,60.0,127.0,73.0,26.0,1.0
16,1,1.0,20.0,19.0,325.0,55.0,26.0,1.0
16,2,0.0,35.0,25.0,435.0,72.0,26.0,1.0
16,3,0.0,0.0,14.0,350.0,52.0,26.0,1.0
17,0,0.0,69.0,61.0,74.0,69.0,26.0,1.0
17,1,1.0,15.0,38.0,255.0,66.0,26.0,1.0
17,2,0.0,35.0,26.0,389.0,68.0,26.0,1.0
17,3,0.0,0.0,13.0,315.0,47.0,26.0,1.0
18,0,0.0,69.0,67.0,86.0,76.0,6.0,1.0
18,1,1.0,20.0,21.0,300.0,54.0,6.0,1.0
18,2,0.0,35.0,19.0,399.0,63.0,6.0,1.0
18,3,0.0,0.0,17.0,327.0,53.0,6.0,1.0
19,0,0.0,69.0,59.0,148.0,75.0,20.0,1.0
19,1,1.0,45.0,18.0,305.0,51.0,20.0,1.0
19,2,0.0,35.0,14.0,456.0,63.0,20.0,1.0
19,3,0.0,0.0,16.0,427.0,62.0,20.0,1.0
20,0,0.0,64.0,58.0,93.0,72.0,72.0,2.0
20,1,1.0,10.0,28.0,305.0,75.0,72.0,2.0
20,2,0.0,53.0,25.0,346.0,78.0,72.0,2.0
20,3,0.0,0.0,9.0,316.0,57.0,72.0,2.0
21,0,0.0,69.0,61.0,73.0,69.0,6.0,1.0
21,1,1.0,20.0,21.0,305.0,54.0,6.0,1.0
21,2,0.0,35.0,15.0,395.0,58.0,6.0,1.0
21,3,0.0,0.0,13.0,314.0,47.0,6.0,1.0
22,0,0.0,64.0,62.0,235.0,98.0,10.0,2.0
22,1,1.0,45.0,45.0,465.0,116.0,10.0,2.0
22,2,0.0,53.0,17.0,623.0,111.0,10.0,2.0
22,3,0.0,0.0,13.0,559.0,98.0,10.0,2.0
23,0,1.0,90.0,142.0,105.0,153.0,50.0,1.0
23,1,0.0,34.0,71.0,596.0,136.0,50.0,1.0
23,2,0.0,35.0,32.0,590.0,96.0,50.0,1.0
23,3,0.0,0.0,33.0,577.0,96.0,50.0,1.0
24,0,1.0,50.0,120.0,110.0,132.0,50.0,1.0
24,1,0.0,34.0,70.0,596.0,135.0,50.0,1.0
24,2,0.0,35.0,31.0,590.0,95.0,50.0,1.0
24,3,0.0,0.0,33.0,577.0,96.0,50.0,1.0
25,0,1.0,15.0,85.0,65.0,92.0,18.0,2.0
25,1,0.0,34.0,15.0,361.0,55.0,18.0,2.0
25,2,0.0,35.0,12.0,406.0,56.0,18.0,2.0
25,3,0.0,0.0,9.0,296.0,41.0,18.0,2.0
26,0,1.0,30.0,85.0,140.0,106.0,60.0,1.0
26,1,0.0,44.0,90.0,928.0,231.0,60.0,1.0
26,2,0.0,53.0,45.0,918.0,185.0,60.0,1.0
26,3,0.0,0.0,86.0,902.0,223.0,60.0,1.0
27,0,1.0,80.0,75.0,110.0,87.0,45.0,1.0
27,1,0.0,34.0,70.0,638.0,140.0,45.0,1.0
27,2,0.0,35.0,31.0,632.0,100.0,45.0,1.0
27,3,0.0,0.0,39.0,581.0,102.0,45.0,1.0
28,0,1.0,45.0,85.0,140.0,106.0,18.0,2.0
28,1,0.0,44.0,39.0,664.0,139.0,18.0,2.0
28,2,0.0,53.0,35.0,658.0,135.0,18.0,2.0
28,3,0.0,0.0,19.0,592.0,109.0,18.0,2.0
29,0,0.0,64.0,74.0,179.0,101.0,8.0,2.0
29,1,1.0,60.0,43.0,320.0,91.0,8.0,2.0
29,2,0.0,53.0,21.0,345.0,74.0,8.0,2.0
29,3,0.0,0.0,9.0,321.0,58.0,8.0,2.0
30,0,0.0,69.0,59.0,100.0,70.0,6.0,1.0
30,1,1.0,2.0,11.0,285.0,42.0,6.0,1.0
30,2,0.0,35.0,13.0,417.0,58.0,6.0,1.0
30,3,0.0,0.0,13.0,284.0,44.0,6.0,1.0
31,0,0.0,69.0,59.0,101.0,70.0,20.0,1.0
31,1,1.0,5.0,17.0,300.0,50.0,20.0,1.0
31,2,0.0,35.0,25.0,420.0,70.0,20.0,1.0
31,3,0.0,0.0,13.0,297.0,45.0,20.0,1.0
32,0,0.0,69.0,64.0,90.0,73.0,45.0,1.0
32,1,1.0,15.0,32.0,325.0,67.0,45.0,1.0
32,2,0.0,35.0,29.0,405.0,73.0,45.0,1.0
32,3,0.0,0.0,18.0,327.0,54.0,45.0,1.0
33,0,0.0,64.0,59.0,73.0,70.0,70.0,2.0
33,1,1.0,45.0,29.0,290.0,73.0,70.0,2.0
33,2,0.0,53.0,26.0,395.0,86.0,70.0,2.0
33,3,0.0,0.0,9.0,314.0,57.0,70.0,2.0
34,0,0.0,69.0,62.0,66.0,70.0,4.0,1.0
34,1,1.0,10.0,31.0,295.0,63.0,4.0,1.0
34,2,0.0,35.0,19.0,397.0,62.0,4.0,1.0
34,3,0.0,0.0,17.0,307.0,50.0,4.0,1.0
35,0,0.0,69.0,60.0,132.0,75.0,40.0,1.0
35,1,1.0,15.0,15.0,330.0,50.0,40.0,1.0
35,2,0.0,35.0,26.0,373.0,67.0,40.0,1.0
35,3,0.0,0.0,12.0,309.0,46.0,40.0,1.0
36,0,0.0,69.0,60.0,117.0,73.0,35.0,1.0
36,1,1.0,10.0,23.0,325.0,58.0,35.0,1.0
36,2,0.0,35.0,25.0,425.0,71.0,35.0,1.0
36,3,0.0,0.0,17.0,307.0,50.0,35.0,1.0
37,0,0.0,64.0,62.0,184.0,90.0,40.0,2.0
37,1,1.0,45.0,24.0,360.0,79.0,40.0,2.0
37,2,0.0,53.0,28.0,464.0,98.0,40.0,2.0
37,3,0.0,0.0,11.0,427.0,76.0,40.0,2.0
38,0,0.0,64.0,50.0,67.0,60.0,4.0,3.0
38,1,1.0,30.0,31.0,265.0,71.0,4.0,3.0
38,2,0.0,53.0,14.0,393.0,73.0,4.0,3.0
38,3,0.0,0.0,6.0,308.0,53.0,4.0,3.0
39,0,0.0,64.0,48.0,154.0,71.0,15.0,4.0
39,1,1.0,55.0,25.0,360.0,80.0,15.0,4.0
39,2,0.0,53.0,14.0,462.0,84.0,15.0,4.0
39,3,0.0,0.0,4.0,351.0,57.0,15.0,4.0
40,0,1.0,30.0,147.0,100.0,158.0,26.0,1.0
40,1,0.0,34.0,96.0,678.0,169.0,26.0,1.0
40,2,0.0,35.0,57.0,672.0,130.0,26.0,1.0
40,3,0.0,0.0,28.0,629.0,96.0,26.0,1.0
41,0,1.0,75.0,125.0,110.0,137.0,26.0,1.0
41,1,0.0,34.0,70.0,596.0,135.0,26.0,1.0
41,2,0.0,35.0,31.0,590.0,95.0,26.0,1.0
41,3,0.0,0.0,24.0,577.0,87.0,26.0,1.0
42,0,1.0,40.0,152.0,95.0,162.0,70.0,1.0
42,1,0.0,34.0,73.0,600.0,138.0,70.0,1.0
42,2,0.0,35.0,34.0,594.0,98.0,70.0,1.0
42,3,0.0,0.0,24.0,587.0,88.0,70.0,1.0
43,0,1.0,30.0,116.0,180.0,136.0,70.0,1.0
43,1,0.0,34.0,71.0,657.0,142.0,70.0,1.0
43,2,0.0,35.0,32.0,651.0,102.0,70.0,1.0
43,3,0.0,0.0,29.0,629.0,97.0,70.0,1.0
44,0,1.0,40.0,100.0,105.0,116.0,45.0,2.0
44,1,0.0,44.0,70.0,622.0,165.0,45.0,2.0
44,2,0.0,53.0,31.0,616.0,125.0,45.0,2.0
44,3,0.0,0.0,17.0,577.0,105.0,45.0,2.0
45,0,1.0,45.0,105.0,115.0,122.0,8.0,2.0
45,1,0.0,44.0,35.0,622.0,130.0,8.0,2.0
45,2,0.0,53.0,31.0,616.0,125.0,8.0,2.0
45,3,0.0,0.0,12.0,577.0,100.0,8.0,2.0
46,0,1.0,20.0,106.0,190.0,127.0,70.0,1.0
46,1,0.0,34.0,72.0,659.0,143.0,70.0,1.0
46,2,0.0,35.0,33.0,653.0,104.0,70.0,1.0
46,3,0.0,0.0,44.0,592.0,108.0,70.0,1.0
47,0,1.0,60.0,90.0,100.0,105.0,26.0,2.0
47,1,0.0,44.0,69.0,596.0,160.0,26.0,2.0
47,2,0.0,53.0,30.0,590.0,120.0,26.0,2.0
47,3,0.0,0.0,13.0,577.0,101.0,26.0,2.0
48,0,1.0,40.0,48.0,115.0,60.0,50.0,1.0
48,1,0.0,34.0,31.0,365.0,70.0,50.0,1.0
48,2,0.0,35.0,25.0,410.0,69.0,50.0,1.0
48,3,0.0,0.0,16.0,308.0,49.0,50.0,1.0
49,0,1.0,50.0,69.0,85.0,82.0,10.0,3.0
49,1,0.0,44.0,16.0,344.0,68.0,10.0,3.0
49,2,0.0,53.0,13.0,389.0,72.0,10.0,3.0
49,3,0.0,0.0,4.0,315.0,52.0,10.0,3.0
50,0,1.0,75.0,99.0,135.0,114.0,30.0,1.0
50,1,0.0,34.0,96.0,678.0,169.0,30.0,1.0
50,2,0.0,35.0,57.0,672.0,130.0,30.0,1.0
50,3,0.0,0.0,29.0,629.0,97.0,30.0,1.0
51,0,1.0,90.0,64.0,155.0,88.0,60.0,2.0
51,1,0.0,44.0,74.0,678.0,177.0,60.0,2.0
51,2,0.0,53.0,35.0,672.0,137.0,60.0,2.0
51,3,0.0,0.0,20.0,629.0,115.0,60.0,2.0
52,0,1.0,85.0,105.0,85.0,118.0,30.0,4.0
52,1,0.0,44.0,56.0,665.0,156.0,30.0,4.0
52,2,0.0,53.0,35.0,659.0,135.0,30.0,4.0
52,3,0.0,0.0,8.0,587.0,97.0,30.0,4.0
53,0,0.0,69.0,60.0,123.0,73.0,30.0,1.0
53,1,1.0,15.0,24.0,365.0,64.0,30.0,1.0
53,2,0.0,35.0,25.0,430.0,71.0,30.0,1.0
53,3,0.0,0.0,13.0,332.0,49.0,30.0,1.0
54,0,0.0,64.0,58.0,90.0,72.0,50.0,2.0
54,1,1.0,30.0,22.0,340.0,74.0,50.0,2.0
54,2,0.0,53.0,25.0,417.0,88.0,50.0,2.0
54,3,0.0,0.0,9.0,334.0,60.0,50.0,2.0
55,0,0.0,64.0,45.0,73.0,56.0,6.0,4.0
55,1,1.0,15.0,22.0,290.0,66.0,6.0,4.0
55,2,0.0,53.0,13.0,395.0,73.0,6.0,4.0
55,3,0.0,0.0,5.0,314.0,53.0,6.0,4.0
56,0,0.0,69.0,108.0,170.0,126.0,30.0,1.0
56,1,1.0,30.0,31.0,875.0,126.0,30.0,1.0
56,2,0.0,35.0,44.0,887.0,140.0,30.0,1.0
56,3,0.0,0.0,50.0,884.0,146.0,30.0,1.0
57,0,0.0,69.0,110.0,249.0,137.0,12.0,1.0
57,1,1.0,45.0,22.0,890.0,119.0,12.0,1.0
57,2,0.0,35.0,47.0,955.0,151.0,12.0,1.0
57,3,0.0,0.0,38.0,990.0,146.0,12.0,1.0
58,0,0.0,64.0,115.0,138.0,136.0,36.0,2.0
58,1,1.0,10.0,44.0,830.0,170.0,36.0,2.0
58,2,0.0,53.0,50.0,869.0,182.0,36.0,2.0
58,3,0.0,0.0,18.0,862.0,149.0,36.0,2.0
59,0,0.0,69.0,117.0,147.0,133.0,30.0,1.0
59,1,1.0,40.0,59.0,790.0,145.0,30.0,1.0
59,2,0.0,35.0,48.0,885.0,144.0,30.0,1.0
59,3,0.0,0.0,38.0,883.0,134.0,30.0,1.0
60,0,0.0,64.0,88.0,119.0,106.0,35.0,3.0
60,1,1.0,50.0,78.0,775.0,196.0,35.0,3.0
60,2,0.0,53.0,43.0,840.0,170.0,35.0,3.0
60,3,0.0,0.0,16.0,855.0,146.0,35.0,3.0
61,0,0.0,69.0,105.0,196.0,126.0,6.0,1.0
61,1,1.0,40.0,43.0,895.0,140.0,6.0,1.0
61,2,0.0,35.0,44.0,919.0,144.0,6.0,1.0
61,3,0.0,0.0,50.0,935.0,152.0,6.0,1.0
62,0,0.0,64.0,120.0,333.0,170.0,6.0,1.0
62,1,1.0,25.0,28.0,870.0,160.0,6.0,1.0
62,2,0.0,53.0,52.0,890.0,187.0,6.0,1.0
62,3,0.0,0.0,38.0,921.0,178.0,6.0,1.0
63,0,0.0,64.0,103.0,146.0,125.0,8.0,2.0
63,1,1.0,25.0,36.0,875.0,169.0,8.0,2.0
63,2,0.0,53.0,43.0,943.0,186.0,8.0,2.0
63,3,0.0,0.0,19.0,887.0,154.0,8.0,2.0
64,0,0.0,69.0,103.0,138.0,118.0,6.0,1.0
64,1,1.0,5.0,22.0,800.0,109.0,6.0,1.0
64,2,0.0,35.0,43.0,821.0,132.0,6.0,1.0
64,3,0.0,0.0,36.0,846.0,128.0,6.0,1.0
65,0,0.0,64.0,116.0,164.0,141.0,12.0,2.0
65,1,1.0,75.0,89.0,685.0,193.0,12.0,2.0
65,2,0.0,53.0,47.0,875.0,180.0,12.0,2.0
65,3,0.0,0.0,19.0,874.0,152.0,12.0,2.0
66,0,0.0,69.0,103.0,129.0,117.0,30.0,1.0
66,1,0.0,34.0,88.0,925.0,189.0,30.0,1.0
66,2,1.0,10.0,30.0,790.0,116.0,30.0,1.0
66,3,0.0,0.0,50.0,887.0,146.0,30.0,1.0
67,0,0.0,64.0,109.0,230.0,144.0,35.0,2.0
67,1,0.0,44.0,101.0,1104.0,269.0,35.0,2.0
67,2,0.0,53.0,56.0,1094.0,222.0,35.0,2.0
67,3,1.0,0.0,26.0,960.0,172.0,35.0,2.0
68,0,0.0,69.0,108.0,177.0,127.0,35.0,1.0
68,1,0.0,34.0,92.0,907.0,191.0,35.0,1.0
68,2,1.0,45.0,39.0,850.0,131.0,35.0,1.0
68,3,0.0,0.0,52.0,865.0,146.0,35.0,1.0
69,0,0.0,64.0,92.0,161.0,117.0,60.0,3.0
69,1,1.0,40.0,73.0,792.0,193.0,60.0,3.0
69,2,0.0,53.0,46.0,920.0,186.0,60.0,3.0
69,3,0.0,0.0,16.0,887.0,151.0,60.0,3.0
70,0,0.0,64.0,119.0,161.0,143.0,60.0,2.0
70,1,1.0,45.0,75.0,765.0,191.0,60.0,2.0
70,2,0.0,53.0,51.0,869.0,182.0,60.0,2.0
70,3,0.0,0.0,19.0,898.0,155.0,60.0,2.0
71,0,0.0,64.0,109.0,190.0,138.0,12.0,2.0
71,1,1.0,40.0,24.0,399.0,85.0,12.0,2.0
71,2,0.0,53.0,46.0,951.0,190.0,12.0,2.0
71,3,0.0,0.0,27.0,897.0,163.0,12.0,2.0
72,0,0.0,69.0,111.0,108.0,122.0,10.0,1.0
72,1,1.0,30.0,30.0,760.0,113.0,10.0,1.0
72,2,0.0,35.0,50.0,867.0,144.0,10.0,1.0
72,3,0.0,0.0,47.0,844.0,139.0,10.0,1.0
73,0,0.0,69.0,104.0,246.0,131.0,10.0,1.0
73,1,1.0,25.0,23.0,830.0,113.0,10.0,1.0
73,2,0.0,35.0,45.0,1068.0,161.0,10.0,1.0
73,3,0.0,0.0,41.0,978.0,147.0,10.0,1.0
74,0,0.0,69.0,104.0,200.0,126.0,15.0,1.0
74,1,1.0,75.0,23.0,835.0,114.0,15.0,1.0
74,2,0.0,35.0,43.0,846.0,135.0,15.0,1.0
74,3,0.0,0.0,40.0,927.0,141.0,15.0,1.0
75,0,0.0,64.0,124.0,160.0,148.0,10.0,2.0
75,1,1.0,30.0,82.0,850.0,211.0,10.0,2.0
75,2,0.0,53.0,54.0,893.0,189.0,10.0,2.0
75,3,0.0,0.0,19.0,886.0,153.0,10.0,2.0
76,0,0.0,64.0,103.0,145.0,125.0,8.0,1.0
76,1,1.0,50.0,73.0,840.0,200.0,8.0,1.0
76,2,0.0,53.0,43.0,892.0,178.0,8.0,1.0
76,3,0.0,0.0,50.0,894.0,186.0,8.0,1.0
77,0,0.0,69.0,103.0,125.0,116.0,30.0,1.0
77,1,1.0,30.0,80.0,800.0,167.0,30.0,1.0
77,2,0.0,35.0,42.0,844.0,134.0,30.0,1.0
77,3,0.0,0.0,38.0,861.0,132.0,30.0,1.0
78,0,0.0,64.0,113.0,163.0,137.0,20.0,2.0
78,1,0.0,44.0,51.0,948.0,195.0,20.0,2.0
78,2,0.0,53.0,49.0,938.0,191.0,20.0,2.0
78,3,1.0,0.0,26.0,720.0,135.0,20.0,2.0
79,0,0.0,64.0,76.0,147.0,98.0,70.0,5.0
79,1,0.0,44.0,63.0,918.0,203.0,70.0,5.0
79,2,0.0,53.0,44.0,908.0,182.0,70.0,5.0
79,3,1.0,0.0,10.0,1440.0,228.0,70.0,5.0
80,0,0.0,69.0,108.0,163.0,125.0,20.0,1.0
80,1,0.0,34.0,89.0,905.0,187.0,20.0,1.0
80,2,1.0,30.0,43.0,785.0,128.0,20.0,1.0
80,3,0.0,0.0,35.0,879.0,130.0,20.0,1.0
81,0,0.0,69.0,127.0,193.0,148.0,60.0,1.0
81,1,0.0,34.0,109.0,888.0,205.0,60.0,1.0
81,2,1.0,60.0,52.0,1025.0,163.0,60.0,1.0
81,3,0.0,0.0,50.0,892.0,147.0,60.0,1.0
82,0,0.0,64.0,44.0,100.0,59.0,70.0,4.0
82,1,0.0,44.0,25.0,351.0,78.0,70.0,4.0
82,2,0.0,53.0,20.0,361.0,75.0,70.0,4.0
82,3,1.0,0.0,5.0,180.0,32.0,70.0,4.0
83,0,0.0,69.0,59.0,98.0,69.0,8.0,1.0
83,1,1.0,1.0,11.0,320.0,46.0,8.0,1.0
83,2,0.0,35.0,13.0,413.0,57.0,8.0,1.0
83,3,0.0,0.0,17.0,332.0,53.0,8.0,1.0
84,0,0.0,69.0,59.0,114.0,72.0,30.0,1.0
84,1,1.0,25.0,60.0,337.0,97.0,30.0,1.0
84,2,0.0,35.0,25.0,423.0,71.0,30.0,1.0
84,3,0.0,0.0,8.0,335.0,44.0,30.0,1.0
85,0,1.0,25.0,65.0,140.0,86.0,70.0,2.0
85,1,0.0,44.0,69.0,596.0,160.0,70.0,2.0
85,2,0.0,53.0,30.0,590.0,120.0,70.0,2.0
85,3,0.0,0.0,16.0,577.0,104.0,70.0,2.0
86,0,0.0,69.0,60.0,67.0,67.0,60.0,1.0
86,1,1.0,10.0,37.0,285.0,68.0,60.0,1.0
86,2,0.0,35.0,28.0,400.0,72.0,60.0,1.0
86,3,0.0,0.0,14.0,320.0,49.0,60.0,1.0
87,0,0.0,64.0,59.0,118.0,77.0,20.0,2.0
87,1,0.0,44.0,17.0,349.0,70.0,20.0,2.0
87,2,0.0,53.0,14.0,359.0,68.0,20.0,2.0
87,3,1.0,0.0,5.0,240.0,41.0,20.0,2.0
88,0,0.0,69.0,61.0,72.0,69.0,15.0,1.0
88,1,1.0,10.0,18.0,305.0,51.0,15.0,1.0
88,2,0.0,35.0,27.0,396.0,70.0,15.0,1.0
88,3,0.0,0.0,12.0,332.0,48.0,15.0,1.0
89,0,0.0,64.0,59.0,118.0,77.0,30.0,2.0
89,1,0.0,44.0,32.0,349.0,85.0,30.0,2.0
89,2,0.0,53.0,26.0,359.0,80.0,30.0,2.0
89,3,1.0,0.0,6.0,265.0,46.0,30.0,2.0
90,0,0.0,64.0,60.0,74.0,71.0,26.0,2.0
90,1,1.0,20.0,40.0,262.0,80.0,26.0,2.0
90,2,0.0,53.0,26.0,389.0,85.0,26.0,2.0
90,3,0.0,0.0,10.0,315.0,58.0,26.0,2.0
91,0,0.0,64.0,44.0,93.0,58.0,35.0,4.0
91,1,1.0,20.0,30.0,291.0,74.0,35.0,4.0
91,2,0.0,53.0,19.0,346.0,72.0,35.0,4.0
91,3,0.0,0.0,4.0,316.0,52.0,35.0,4.0
92,0,0.0,69.0,58.0,124.0,71.0,12.0,1.0
92,1,1.0,10.0,30.0,340.0,67.0,12.0,1.0
92,2,0.0,35.0,25.0,427.0,71.0,12.0,1.0
92,3,0.0,0.0,14.0,364.0,54.0,12.0,1.0
93,0,0.0,64.0,84.0,108.0,100.0,70.0,2.0
93,1,0.0,44.0,70.0,596.0,160.0,70.0,2.0
93,2,0.0,53.0,31.0,590.0,120.0,70.0,2.0
93,3,1.0,0.0,15.0,360.0,70.0,70.0,2.0
94,0,1.0,30.0,145.0,90.0,158.0,50.0,1.0
94,1,0.0,44.0,31.0,343.0,83.0,50.0,1.0
94,2,0.0,53.0,25.0,388.0,84.0,50.0,1.0
94,3,0.0,0.0,13.0,296.0,58.0,50.0,1.0
95,0,1.0,45.0,121.0,100.0,136.0,40.0,2.0
95,1,0.0,44.0,92.0,926.0,233.0,40.0,2.0
95,2,0.0,53.0,47.0,916.0,186.0,40.0,2.0
95,3,0.0,0.0,20.0,885.0,154.0,40.0,2.0
96,0,1.0,30.0,84.0,180.0,103.0,70.0,1.0
96,1,0.0,34.0,72.0,707.0,149.0,70.0,1.0
96,2,0.0,35.0,33.0,701.0,109.0,70.0,1.0
96,3,0.0,0.0,26.0,626.0,94.0,70.0,1.0
97,0,0.0,69.0,61.0,146.0,77.0,10.0,1.0
97,1,0.0,34.0,17.0,409.0,61.0,10.0,1.0
97,2,1.0,5.0,31.0,300.0,64.0,10.0,1.0
97,3,0.0,0.0,13.0,350.0,51.0,10.0,1.0
98,0,1.0,45.0,180.0,160.0,197.0,26.0,1.0
98,1,0.0,34.0,89.0,985.0,196.0,26.0,1.0
98,2,0.0,35.0,44.0,975.0,150.0,26.0,1.0
98,3,0.0,0.0,39.0,896.0,136.0,26.0,1.0
99,0,0.0,64.0,94.0,231.0,129.0,50.0,3.0
99,1,0.0,44.0,79.0,949.0,223.0,50.0,3.0
99,2,1.0,40.0,32.0,1110.0,201.0,50.0,3.0
99,3,0.0,0.0,13.0,942.0,156.0,50.0,3.0
100,0,0.0,64.0,92.0,203.0,123.0,70.0,3.0
100,1,0.0,44.0,77.0,961.0,223.0,70.0,3.0
100,2,0.0,53.0,46.0,951.0,190.0,70.0,3.0
100,3,1.0,0.0,17.0,780.0,135.0,70.0,3.0
101,0,0.0,69.0,59.0,111.0,71.0,30.0,1.0
101,1,0.0,34.0,31.0,376.0,72.0,30.0,1.0
101,2,1.0,15.0,25.0,360.0,64.0,30.0,1.0
101,3,0.0,0.0,23.0,351.0,61.0,30.0,1.0
102,0,0.0,64.0,75.0,153.0,99.0,50.0,5.0
102,1,0.0,44.0,64.0,900.0,201.0,50.0,5.0
102,2,0.0,53.0,45.0,890.0,180.0,50.0,5.0
102,3,1.0,0.0,13.0,720.0,122.0,50.0,5.0
103,0,0.0,69.0,58.0,99.0,68.0,20.0,1.0
103,1,0.0,34.0,16.0,366.0,55.0,20.0,1.0
103,2,0.0,35.0,13.0,411.0,57.0,20.0,1.0
103,3,1.0,0.0,13.0,300.0,46.0,20.0,1.0
104,0,0.0,64.0,110.0,153.0,133.0,32.0,2.0
104,1,0.0,44.0,91.0,874.0,223.0,32.0,2.0
104,2,0.0,53.0,46.0,864.0,177.0,32.0,2.0
104,3,1.0,0.0,21.0,960.0,167.0,32.0,2.0
105,0,0.0,64.0,108.0,187.0,136.0,27.0,2.0
105,1,0.0,44.0,90.0,932.0,231.0,27.0,2.0
105,2,0.0,53.0,45.0,922.0,185.0,27.0,2.0
105,3,1.0,0.0,20.0,1440.0,238.0,27.0,2.0
106,0,0.0,69.0,104.0,179.0,123.0,30.0,1.0
106,1,0.0,34.0,89.0,978.0,195.0,30.0,1.0
106,2,1.0,30.0,28.0,795.0,114.0,30.0,1.0
106,3,0.0,0.0,40.0,904.0,138.0,30.0,1.0
107,0,0.0,69.0,108.0,180.0,128.0,35.0,1.0
107,1,0.0,34.0,89.0,901.0,187.0,35.0,1.0
107,2,0.0,35.0,44.0,891.0,141.0,35.0,1.0
107,3,1.0,0.0,34.0,720.0,112.0,35.0,1.0
108,0,0.0,64.0,78.0,146.0,100.0,40.0,4.0
108,1,0.0,44.0,66.0,903.0,203.0,40.0,4.0
108,2,0.0,53.0,43.0,893.0,178.0,40.0,4.0
108,3,1.0,0.0,11.0,870.0,143.0,40.0,4.0
109,0,0.0,64.0,60.0,144.0,82.0,60.0,2.0
109,1,0.0,44.0,32.0,404.0,93.0,60.0,2.0
109,2,0.0,53.0,26.0,449.0,94.0,60.0,2.0
109,3,1.0,0.0,8.0,270.0,49.0,60.0,2.0
110,0,0.0,64.0,78.0,175.0,105.0,40.0,4.0
110,1,0.0,44.0,67.0,932.0,208.0,40.0,4.0
110,2,0.0,53.0,44.0,922.0,183.0,40.0,4.0
110,3,1.0,0.0,12.0,720.0,121.0,40.0,4.0
111,0,0.0,69.0,67.0,108.0,79.0,70.0,1.0
111,1,0.0,34.0,38.0,370.0,78.0,70.0,1.0
111,2,0.0,35.0,32.0,415.0,77.0,70.0,1.0
111,3,1.0,0.0,12.0,240.0,38.0,70.0,1.0
112,0,0.0,64.0,108.0,200.0,139.0,70.0,2.0
112,1,0.0,44.0,90.0,944.0,234.0,70.0,2.0
112,2,0.0,53.0,45.0,934.0,187.0,70.0,2.0
112,3,1.0,0.0,19.0,720.0,128.0,70.0,2.0
113,0,1.0,60.0,108.0,80.0,120.0,30.0,2.0
113,1,0.0,44.0,32.0,344.0,84.0,30.0,2.0
113,2,0.0,53.0,26.0,389.0,85.0,30.0,2.0
113,3,0.0,0.0,7.0,315.0,55.0,30.0,2.0
114,0,1.0,30.0,58.0,90.0,72.0,35.0,2.0
114,1,0.0,44.0,32.0,506.0,109.0,35.0,2.0
114,2,0.0,53.0,26.0,551.0,110.0,35.0,2.0
114,3,0.0,0.0,8.0,402.0,69.0,35.0,2.0
115,0,1.0,55.0,69.0,115.0,81.0,60.0,1.0
115,1,0.0,34.0,43.0,392.0,85.0,60.0,1.0
115,2,0.0,35.0,37.0,437.0,84.0,60.0,1.0
115,3,0.0,0.0,13.0,268.0,42.0,60.0,1.0
116,0,1.0,40.0,66.0,105.0,77.0,45.0,1.0
116,1,0.0,34.0,31.0,372.0,71.0,45.0,1.0
116,2,0.0,35.0,25.0,417.0,70.0,45.0,1.0
116,3,0.0,0.0,18.0,327.0,54.0,45.0,1.0
117,0,0.0,69.0,57.0,67.0,65.0,45.0,1.0
117,1,0.0,34.0,31.0,355.0,69.0,45.0,1.0
117,2,1.0,40.0,18.0,245.0,45.0,45.0,1.0
117,3,0.0,0.0,13.0,320.0,48.0,45.0,1.0
118,0,0.0,69.0,129.0,185.0,149.0,6.0,1.0
118,1,0.0,34.0,67.0,933.0,168.0,6.0,1.0
118,2,1.0,20.0,54.0,820.0,143.0,6.0,1.0
118,3,0.0,0.0,38.0,894.0,135.0,6.0,1.0
119,0,1.0,90.0,151.0,95.0,161.0,36.0,1.0
119,1,0.0,34.0,96.0,895.0,193.0,36.0,1.0
119,2,0.0,35.0,51.0,885.0,147.0,36.0,1.0
119,3,0.0,0.0,35.0,844.0,127.0,36.0,1.0
120,0,1.0,10.0,70.0,85.0,80.0,20.0,1.0
120,1,0.0,34.0,34.0,351.0,72.0,20.0,1.0
120,2,0.0,35.0,28.0,396.0,71.0,20.0,1.0
120,3,0.0,0.0,22.0,307.0,55.0,20.0,1.0
121,0,1.0,25.0,75.0,100.0,90.0,20.0,2.0
121,1,0.0,44.0,15.0,348.0,68.0,20.0,2.0
121,2,0.0,53.0,12.0,393.0,72.0,20.0,2.0
121,3,0.0,0.0,7.0,290.0,51.0,20.0,2.0
122,0,1.0,99.0,110.0,260.0,138.0,26.0,1.0
122,1,0.0,34.0,92.0,934.0,193.0,26.0,1.0
122,2,0.0,35.0,47.0,924.0,147.0,26.0,1.0
122,3,0.0,0.0,45.0,816.0,134.0,26.0,1.0
123,0,1.0,30.0,94.0,195.0,115.0,29.0,1.0
123,1,0.0,34.0,89.0,943.0,191.0,29.0,1.0
123,2,0.0,35.0,44.0,933.0,145.0,29.0,1.0
123,3,0.0,0.0,58.0,912.0,157.0,29.0,1.0
124,0,1.0,35.0,95.0,155.0,119.0,8.0,2.0
124,1,0.0,44.0,45.0,930.0,186.0,8.0,2.0
124,2,0.0,53.0,43.0,920.0,183.0,8.0,2.0
124,3,0.0,0.0,23.0,860.0,153.0,8.0,2.0
125,0,0.0,69.0,104.0,178.0,123.0,32.0,1.0
125,1,0.0,34.0,89.0,992.0,197.0,32.0,1.0
125,2,1.0,15.0,38.0,675.0,111.0,32.0,1.0
125,3,0.0,0.0,39.0,900.0,137.0,32.0,1.0
126,0,0.0,64.0,103.0,170.0,129.0,45.0,2.0
126,1,0.0,44.0,88.0,889.0,222.0,45.0,2.0
126,2,1.0,30.0,35.0,770.0,152.0,45.0,2.0
126,3,0.0,0.0,18.0,905.0,155.0,45.0,2.0
127,0,0.0,64.0,86.0,167.0,112.0,45.0,3.0
127,1,0.0,44.0,75.0,972.0,222.0,45.0,3.0
127,2,0.0,53.0,44.0,962.0,190.0,45.0,3.0
127,3,1.0,0.0,13.0,870.0,145.0,45.0,3.0
128,0,0.0,64.0,108.0,139.0,129.0,26.0,2.0
128,1,0.0,44.0,90.0,862.0,220.0,26.0,2.0
128,2,1.0,30.0,36.0,780.0,154.0,26.0,2.0
128,3,0.0,0.0,18.0,875.0,151.0,26.0,2.0
129,0,0.0,69.0,59.0,106.0,71.0,60.0,1.0
129,1,0.0,34.0,31.0,372.0,71.0,60.0,1.0
129,2,0.0,35.0,25.0,417.0,70.0,60.0,1.0
129,3,1.0,0.0,13.0,300.0,46.0,60.0,1.0
130,0,0.0,64.0,58.0,124.0,77.0,10.0,2.0
130,1,1.0,10.0,35.0,380.0,92.0,10.0,2.0
130,2,0.0,53.0,13.0,427.0,78.0,10.0,2.0
130,3,0.0,0.0,8.0,364.0,63.0,10.0,2.0
131,0,0.0,64.0,107.0,153.0,131.0,45.0,2.0
131,1,0.0,44.0,89.0,880.0,222.0,45.0,2.0
131,2,0.0,53.0,44.0,870.0,176.0,45.0,2.0
131,3,1.0,0.0,2.0,660.0,102.0,45.0,2.0
132,0,0.0,64.0,86.0,143.0,108.0,60.0,3.0
132,1,0.0,44.0,74.0,880.0,207.0,60.0,3.0
132,2,0.0,53.0,43.0,870.0,175.0,60.0,3.0
132,3,1.0,0.0,16.0,660.0,116.0,60.0,3.0
133,0,0.0,69.0,108.0,196.0,129.0,60.0,1.0
133,1,0.0,34.0,91.0,967.0,196.0,60.0,1.0
133,2,1.0,15.0,35.0,935.0,136.0,60.0,1.0
133,3,0.0,0.0,38.0,903.0,136.0,60.0,1.0
134,0,0.0,69.0,103.0,149.0,119.0,8.0,1.0
134,1,0.0,34.0,45.0,892.0,142.0,8.0,1.0
134,2,1.0,25.0,25.0,730.0,104.0,8.0,1.0
134,3,0.0,0.0,37.0,882.0,133.0,8.0,1.0
135,0,0.0,64.0,103.0,160.0,127.0,60.0,2.0
135,1,0.0,44.0,89.0,987.0,239.0,60.0,2.0
135,2,0.0,53.0,44.0,977.0,192.0,60.0,2.0
135,3,1.0,0.0,34.0,660.0,134.0,60.0,2.0
136,0,0.0,64.0,114.0,161.0,138.0,12.0,2.0
136,1,0.0,44.0,60.0,1031.0,217.0,12.0,2.0
136,2,0.0,53.0,58.0,1021.0,213.0,12.0,2.0
136,3,1.0,0.0,19.0,720.0,128.0,12.0,2.0
137,0,0.0,69.0,107.0,150.0,123.0,45.0,1.0
137,1,0.0,34.0,91.0,914.0,190.0,45.0,1.0
137,2,0.0,35.0,46.0,904.0,144.0,45.0,1.0
137,3,1.0,0.0,36.0,750.0,117.0,45.0,1.0
138,0,0.0,69.0,118.0,137.0,132.0,50.0,1.0
138,1,0.0,34.0,96.0,904.0,194.0,50.0,1.0
138,2,1.0,5.0,65.0,850.0,157.0,50.0,1.0
138,3,0.0,0.0,64.0,859.0,157.0,50.0,1.0
139,0,0.0,69.0,102.0,101.0,113.0,26.0,1.0
139,1,0.0,34.0,87.0,870.0,182.0,26.0,1.0
139,2,1.0,45.0,35.0,800.0,122.0,26.0,1.0
139,3,0.0,0.0,35.0,825.0,125.0,26.0,1.0
140,0,0.0,64.0,85.0,101.0,101.0,35.0,3.0
140,1,0.0,44.0,73.0,870.0,205.0,35.0,3.0
140,2,0.0,53.0,42.0,860.0,173.0,35.0,3.0
140,3,1.0,0.0,12.0,600.0,103.0,35.0,3.0
141,0,0.0,69.0,107.0,158.0,125.0,12.0,1.0
141,1,1.0,30.0,61.0,780.0,146.0,12.0,1.0
141,2,0.0,35.0,45.0,901.0,143.0,12.0,1.0
141,3,0.0,0.0,54.0,853.0,147.0,12.0,1.0
142,0,0.0,69.0,113.0,244.0,140.0,15.0,1.0
142,1,1.0,30.0,67.0,845.0,158.0,15.0,1.0
142,2,0.0,35.0,49.0,893.0,146.0,15.0,1.0
142,3,0.0,0.0,47.0,868.0,141.0,15.0,1.0
143,0,0.0,64.0,84.0,215.0,117.0,12.0,4.0
143,1,1.0,99.0,37.0,885.0,171.0,12.0,4.0
143,2,0.0,53.0,46.0,966.0,193.0,12.0,4.0
143,3,0.0,0.0,10.0,921.0,150.0,12.0,4.0
144,0,0.0,64.0,94.0,163.0,119.0,35.0,3.0
144,1,1.0,25.0,68.0,755.0,183.0,35.0,3.0
144,2,0.0,53.0,47.0,895.0,183.0,35.0,3.0
144,3,0.0,0.0,16.0,879.0,149.0,35.0,3.0
145,0,0.0,69.0,112.0,161.0,129.0,26.0,1.0
145,1,1.0,15.0,21.0,797.0,108.0,26.0,1.0
145,2,0.0,35.0,45.0,876.0,140.0,26.0,1.0
145,3,0.0,0.0,47.0,852.0,140.0,26.0,1.0
146,0,0.0,69.0,103.0,166.0,121.0,6.0,1.0
146,1,1.0,45.0,20.0,820.0,109.0,6.0,1.0
146,2,0.0,35.0,43.0,836.0,134.0,6.0,1.0
146,3,0.0,0.0,35.0,886.0,131.0,6.0,1.0
147,0,0.0,69.0,107.0,152.0,124.0,4.0,1.0
147,1,1.0,30.0,33.0,755.0,115.0,4.0,1.0
147,2,0.0,35.0,44.0,882.0,140.0,4.0,1.0
147,3,0.0,0.0,48.0,845.0,140.0,4.0,1.0
148,0,0.0,64.0,103.0,164.0,128.0,40.0,2.0
148,1,1.0,10.0,41.0,730.0,152.0,40.0,2.0
148,2,0.0,53.0,43.0,925.0,183.0,40.0,2.0
148,3,0.0,0.0,19.0,898.0,155.0,40.0,2.0
149,0,0.0,64.0,143.0,166.0,168.0,40.0,1.0
149,1,1.0,10.0,83.0,825.0,208.0,40.0,1.0
149,2,0.0,53.0,70.0,896.0,206.0,40.0,1.0
149,3,0.0,0.0,50.0,911.0,188.0,40.0,1.0
150,0,1.0,45.0,94.0,270.0,123.0,60.0,1.0
150,1,0.0,34.0,91.0,916.0,190.0,60.0,1.0
150,2,0.0,35.0,46.0,906.0,144.0,60.0,1.0
150,3,0.0,0.0,49.0,872.0,144.0,60.0,1.0
151,0,1.0,45.0,138.0,115.0,150.0,4.0,1.0
151,1,0.0,34.0,60.0,880.0,156.0,4.0,1.0
151,2,0.0,35.0,58.0,870.0,153.0,4.0,1.0
151,3,0.0,0.0,47.0,888.0,143.0,4.0,1.0
152,0,1.0,60.0,102.0,250.0,129.0,50.0,1.0
152,1,0.0,34.0,112.0,997.0,220.0,50.0,1.0
152,2,0.0,35.0,67.0,952.0,170.0,50.0,1.0
152,3,0.0,0.0,43.0,971.0,148.0,50.0,1.0
153,0,1.0,60.0,151.0,255.0,190.0,60.0,2.0
153,1,0.0,44.0,91.0,941.0,234.0,60.0,2.0
153,2,0.0,53.0,46.0,931.0,187.0,60.0,2.0
153,3,0.0,0.0,21.0,959.0,166.0,60.0,2.0
154,0,1.0,60.0,111.0,205.0,133.0,70.0,1.0
154,1,0.0,34.0,97.0,888.0,193.0,70.0,1.0
154,2,0.0,35.0,52.0,878.0,147.0,70.0,1.0
154,3,0.0,0.0,49.0,855.0,142.0,70.0,1.0
155,0,1.0,60.0,70.0,95.0,93.0,40.0,2.0
155,1,0.0,44.0,31.0,360.0,85.0,40.0,2.0
155,2,0.0,53.0,25.0,405.0,86.0,40.0,2.0
155,3,0.0,0.0,7.0,335.0,58.0,40.0,2.0
156,0,1.0,45.0,74.0,70.0,85.0,35.0,3.0
156,1,0.0,44.0,26.0,361.0,81.0,35.0,3.0
156,2,0.0,53.0,21.0,406.0,82.0,35.0,3.0
156,3,0.0,0.0,4.0,315.0,52.0,35.0,3.0
157,0,1.0,75.0,165.0,180.0,192.0,60.0,2.0
157,1,0.0,44.0,98.0,967.0,245.0,60.0,2.0
157,2,0.0,53.0,53.0,922.0,193.0,60.0,2.0
157,3,0.0,0.0,26.0,947.0,170.0,60.0,2.0
158,0,1.0,30.0,93.0,175.0,112.0,60.0,1.0
158,1,0.0,34.0,96.0,1030.0,208.0,60.0,1.0
158,2,0.0,35.0,51.0,1020.0,162.0,60.0,1.0
158,3,0.0,0.0,54.0,967.0,159.0,60.0,1.0
159,0,1.0,90.0,71.0,115.0,89.0,50.0,2.0
159,1,0.0,44.0,31.0,385.0,89.0,50.0,2.0
159,2,0.0,53.0,25.0,430.0,90.0,50.0,2.0
159,3,0.0,0.0,7.0,332.0,57.0,50.0,2.0
160,0,1.0,45.0,75.0,75.0,96.0,40.0,3.0
160,1,0.0,44.0,33.0,418.0,96.0,40.0,3.0
160,2,0.0,53.0,28.0,463.0,98.0,40.0,3.0
160,3,0.0,0.0,5.0,291.0,49.0,40.0,3.0
161,0,1.0,60.0,81.0,70.0,89.0,60.0,1.0
161,1,0.0,34.0,32.0,341.0,69.0,60.0,1.0
161,2,0.0,35.0,26.0,386.0,68.0,60.0,1.0
161,3,0.0,0.0,13.0,307.0,46.0,60.0,1.0
162,0,1.0,75.0,94.0,95.0,104.0,20.0,1.0
162,1,0.0,34.0,33.0,367.0,73.0,20.0,1.0
162,2,0.0,35.0,27.0,412.0,72.0,20.0,1.0
162,3,0.0,0.0,14.0,314.0,48.0,20.0,1.0
163,0,0.0,64.0,70.0,158.0,93.0,50.0,3.0
163,1,0.0,44.0,61.0,778.0,179.0,50.0,3.0
163,2,0.0,53.0,34.0,772.0,151.0,50.0,3.0
163,3,1.0,0.0,11.0,470.0,82.0,50.0,3.0
164,0,0.0,64.0,65.0,145.0,87.0,70.0,4.0
164,1,0.0,44.0,54.0,674.0,156.0,70.0,4.0
164,2,0.0,53.0,33.0,668.0,135.0,70.0,4.0
164,3,1.0,0.0,8.0,560.0,93.0,70.0,4.0
165,0,0.0,64.0,71.0,133.0,91.0,50.0,3.0
165,1,0.0,44.0,59.0,625.0,153.0,50.0,3.0
165,2,0.0,53.0,32.0,619.0,126.0,50.0,3.0
165,3,1.0,0.0,8.0,510.0,85.0,50.0,3.0
166,0,0.0,69.0,81.0,139.0,96.0,26.0,1.0
166,1,0.0,34.0,71.0,698.0,147.0,26.0,1.0
166,2,0.0,35.0,32.0,692.0,107.0,26.0,1.0
166,3,1.0,0.0,33.0,600.0,98.0,26.0,1.0
167,0,0.0,64.0,65.0,154.0,89.0,45.0,4.0
167,1,0.0,44.0,53.0,621.0,147.0,45.0,4.0
167,2,0.0,53.0,32.0,615.0,125.0,45.0,4.0
167,3,1.0,0.0,9.0,535.0,90.0,45.0,4.0
168,0,0.0,64.0,58.0,148.0,80.0,45.0,6.0
168,1,0.0,44.0,48.0,646.0,145.0,45.0,6.0
168,2,0.0,53.0,32.0,640.0,129.0,45.0,6.0
168,3,1.0,0.0,5.0,470.0,76.0,45.0,6.0
169,0,0.0,69.0,81.0,95.0,91.0,30.0,1.0
169,1,0.0,34.0,70.0,610.0,136.0,30.0,1.0
169,2,0.0,35.0,31.0,604.0,96.0,30.0,1.0
169,3,1.0,0.0,30.0,440.0,78.0,30.0,1.0
170,0,0.0,64.0,71.0,145.0,93.0,40.0,3.0
170,1,0.0,44.0,59.0,658.0,159.0,40.0,3.0
170,2,0.0,53.0,32.0,652.0,131.0,40.0,3.0
170,3,1.0,0.0,10.0,590.0,100.0,40.0,3.0
171,0,0.0,64.0,82.0,159.0,106.0,50.0,2.0
171,1,0.0,44.0,71.0,765.0,187.0,50.0,2.0
171,2,0.0,53.0,32.0,759.0,147.0,50.0,2.0
171,3,1.0,0.0,13.0,490.0,87.0,50.0,2.0
172,0,0.0,69.0,61.0,73.0,69.0,35.0,1.0
172,1,0.0,34.0,33.0,350.0,71.0,35.0,1.0
172,2,1.0,50.0,26.0,227.0,51.0,35.0,1.0
172,3,0.0,0.0,14.0,314.0,48.0,35.0,1.0
173,0,0.0,69.0,60.0,133.0,74.0,34.0,1.0
173,1,0.0,34.0,31.0,397.0,74.0,34.0,1.0
173,2,1.0,15.0,21.0,240.0,47.0,34.0,1.0
173,3,0.0,0.0,14.0,351.0,52.0,34.0,1.0
174,0,0.0,64.0,81.0,129.0,101.0,8.0,2.0
174,1,0.0,44.0,35.0,677.0,138.0,8.0,2.0
174,2,1.0,15.0,31.0,565.0,117.0,8.0,2.0
174,3,0.0,0.0,12.0,588.0,101.0,8.0,2.0
175,0,0.0,69.0,59.0,117.0,72.0,30.0,1.0
175,1,0.0,34.0,32.0,397.0,75.0,30.0,1.0
175,2,0.0,35.0,26.0,442.0,74.0,30.0,1.0
175,3,1.0,0.0,17.0,180.0,37.0,30.0,1.0
176,0,0.0,69.0,111.0,276.0,141.0,32.0,1.0
176,1,0.0,34.0,93.0,1047.0,207.0,32.0,1.0
176,2,1.0,30.0,35.0,860.0,128.0,32.0,1.0
176,3,0.0,0.0,42.0,1008.0,151.0,32.0,1.0
177,0,0.0,69.0,59.0,88.0,68.0,26.0,1.0
177,1,0.0,34.0,30.0,361.0,70.0,26.0,1.0
177,2,1.0,15.0,21.0,295.0,53.0,26.0,1.0
177,3,0.0,0.0,13.0,299.0,45.0,26.0,1.0
178,0,0.0,69.0,59.0,114.0,71.0,42.0,1.0
178,1,0.0,34.0,31.0,389.0,73.0,42.0,1.0
178,2,1.0,15.0,21.0,243.0,47.0,42.0,1.0
178,3,0.0,0.0,13.0,334.0,49.0,42.0,1.0
179,0,1.0,90.0,55.0,115.0,72.0,50.0,1.0
179,1,0.0,44.0,72.0,602.0,163.0,50.0,1.0
179,2,0.0,53.0,33.0,596.0,123.0,50.0,1.0
179,3,0.0,0.0,24.0,589.0,113.0,50.0,1.0
180,0,1.0,15.0,87.0,110.0,104.0,70.0,2.0
180,1,0.0,44.0,31.0,348.0,84.0,70.0,2.0
180,2,0.0,53.0,25.0,393.0,85.0,70.0,2.0
180,3,0.0,0.0,7.0,320.0,56.0,70.0,2.0
181,0,0.0,69.0,62.0,76.0,71.0,30.0,1.0
181,1,0.0,34.0,39.0,377.0,80.0,30.0,1.0
181,2,0.0,35.0,33.0,422.0,79.0,30.0,1.0
181,3,1.0,0.0,12.0,300.0,45.0,30.0,1.0
182,0,0.0,69.0,59.0,121.0,72.0,26.0,1.0
182,1,0.0,34.0,31.0,386.0,73.0,26.0,1.0
182,2,0.0,35.0,25.0,431.0,72.0,26.0,1.0
182,3,1.0,0.0,14.0,270.0,43.0,26.0,1.0
183,0,0.0,64.0,51.0,90.0,64.0,26.0,3.0
183,1,1.0,20.0,61.0,350.0,114.0,26.0,3.0
183,2,0.0,53.0,22.0,405.0,83.0,26.0,3.0
183,3,0.0,0.0,6.0,327.0,56.0,26.0,3.0
184,0,0.0,64.0,64.0,215.0,97.0,18.0,2.0
184,1,1.0,50.0,41.0,420.0,104.0,18.0,2.0
184,2,0.0,53.0,15.0,385.0,73.0,18.0,2.0
184,3,0.0,0.0,9.0,321.0,58.0,18.0,2.0
185,0,0.0,64.0,58.0,74.0,69.0,35.0,2.0
185,1,1.0,30.0,21.0,295.0,66.0,35.0,2.0
185,2,0.0,53.0,24.0,389.0,83.0,35.0,2.0
185,3,0.0,0.0,7.0,315.0,55.0,35.0,2.0
186,0,0.0,64.0,71.0,119.0,89.0,50.0,3.0
186,1,0.0,44.0,58.0,617.0,152.0,50.0,3.0
186,2,1.0,15.0,35.0,615.0,128.0,50.0,3.0
186,3,0.0,0.0,11.0,586.0,100.0,50.0,3.0
187,0,1.0,15.0,50.0,75.0,58.0,4.0,1.0
187,1,0.0,34.0,15.0,361.0,55.0,4.0,1.0
187,2,0.0,35.0,12.0,406.0,56.0,4.0,1.0
187,3,0.0,0.0,13.0,315.0,47.0,4.0,1.0
188,0,1.0,10.0,61.0,80.0,73.0,30.0,4.0
188,1,0.0,44.0,24.0,350.0,77.0,30.0,4.0
188,2,0.0,53.0,19.0,395.0,79.0,30.0,4.0
188,3,0.0,0.0,4.0,314.0,52.0,30.0,4.0
189,0,0.0,69.0,59.0,100.0,70.0,45.0,1.0
189,1,0.0,34.0,31.0,372.0,71.0,45.0,1.0
189,2,0.0,35.0,25.0,417.0,70.0,45.0,1.0
189,3,1.0,0.0,13.0,210.0,36.0,45.0,1.0
190,0,0.0,69.0,58.0,73.0,66.0,60.0,1.0
190,1,0.0,34.0,31.0,324.0,66.0,60.0,1.0
190,2,0.0,35.0,25.0,334.0,61.0,60.0,1.0
190,3,1.0,0.0,18.0,240.0,44.0,60.0,1.0
191,0,0.0,69.0,62.0,184.0,82.0,4.0,1.0
191,1,0.0,34.0,19.0,454.0,68.0,4.0,1.0
191,2,0.0,35.0,16.0,464.0,66.0,4.0,1.0
191,3,1.0,0.0,18.0,225.0,42.0,4.0,1.0
192,0,1.0,30.0,93.0,85.0,102.0,30.0,1.0
192,1,0.0,34.0,33.0,365.0,72.0,30.0,1.0
192,2,0.0,35.0,27.0,410.0,71.0,30.0,1.0
192,3,0.0,0.0,13.0,308.0,46.0,30.0,1.0
193,0,1.0,20.0,76.0,95.0,86.0,60.0,1.0
193,1,0.0,34.0,33.0,344.0,70.0,60.0,1.0
193,2,0.0,35.0,27.0,389.0,69.0,60.0,1.0
193,3,0.0,0.0,13.0,315.0,47.0,60.0,1.0
194,0,0.0,64.0,100.0,190.0,129.0,4.0,2.0
194,1,0.0,44.0,49.0,678.0,152.0,4.0,2.0
194,2,1.0,30.0,48.0,430.0,113.0,4.0,2.0
194,3,0.0,0.0,14.0,629.0,109.0,4.0,2.0
195,0,0.0,64.0,48.0,63.0,58.0,18.0,3.0
195,1,1.0,10.0,21.0,255.0,60.0,18.0,3.0
195,2,0.0,53.0,13.0,397.0,73.0,18.0,3.0
195,3,0.0,0.0,4.0,324.0,53.0,18.0,3.0
196,0,0.0,64.0,58.0,93.0,72.0,15.0,2.0
196,1,1.0,10.0,30.0,315.0,78.0,15.0,2.0
196,2,0.0,53.0,13.0,346.0,65.0,15.0,2.0
196,3,0.0,0.0,6.0,316.0,54.0,15.0,2.0
197,0,0.0,69.0,59.0,94.0,69.0,26.0,1.0
197,1,0.0,34.0,30.0,361.0,70.0,26.0,1.0
197,2,0.0,35.0,24.0,406.0,68.0,26.0,1.0
197,3,1.0,0.0,10.0,270.0,39.0,26.0,1.0
198,0,1.0,30.0,111.0,105.0,122.0,40.0,1.0
198,1,0.0,34.0,71.0,596.0,136.0,40.0,1.0
198,2,0.0,35.0,32.0,590.0,96.0,40.0,1.0
198,3,0.0,0.0,27.0,577.0,90.0,40.0,1.0
199,0,1.0,5.0,64.0,80.0,76.0,70.0,2.0
199,1,0.0,44.0,30.0,348.0,83.0,70.0,2.0
199,2,0.0,53.0,24.0,393.0,84.0,70.0,2.0
199,3,0.0,0.0,7.0,291.0,51.0,70.0,2.0
200,0,1.0,5.0,60.0,85.0,73.0,45.0,4.0
200,1,0.0,44.0,24.0,379.0,81.0,45.0,4.0
200,2,0.0,53.0,19.0,424.0,83.0,45.0,4.0
200,3,0.0,0.0,3.0,337.0,54.0,45.0,4.0
201,0,0.0,64.0,97.0,188.0,125.0,26.0,3.0
201,1,0.0,44.0,76.0,825.0,201.0,26.0,3.0
201,2,1.0,16.0,38.0,810.0,161.0,26.0,3.0
201,3,0.0,0.0,15.0,803.0,137.0,26.0,3.0
202,0,0.0,69.0,91.0,117.0,104.0,35.0,1.0
202,1,0.0,34.0,77.0,630.0,145.0,35.0,1.0
202,2,0.0,35.0,38.0,624.0,106.0,35.0,1.0
202,3,1.0,0.0,29.0,540.0,88.0,35.0,1.0
203,0,0.0,69.0,59.0,114.0,72.0,4.0,1.0
203,1,0.0,34.0,16.0,378.0,57.0,4.0,1.0
203,2,1.0,5.0,14.0,370.0,54.0,4.0,1.0
203,3,0.0,0.0,17.0,335.0,53.0,4.0,1.0
204,0,0.0,69.0,60.0,66.0,67.0,20.0,1.0
204,1,0.0,34.0,34.0,352.0,72.0,20.0,1.0
204,2,1.0,10.0,37.0,250.0,64.0,20.0,1.0
204,3,0.0,0.0,13.0,307.0,46.0,20.0,1.0
205,0,0.0,69.0,107.0,144.0,123.0,45.0,1.0
205,1,0.0,34.0,89.0,879.0,184.0,45.0,1.0
205,2,1.0,30.0,35.0,775.0,119.0,45.0,1.0
205,3,0.0,0.0,37.0,868.0,131.0,45.0,1.0
206,0,0.0,69.0,81.0,124.0,94.0,40.0,1.0
206,1,0.0,34.0,69.0,605.0,135.0,40.0,1.0
206,2,0.0,35.0,30.0,599.0,95.0,40.0,1.0
206,3,1.0,0.0,30.0,720.0,108.0,40.0,1.0
207,0,1.0,45.0,126.0,135.0,141.0,40.0,1.0
207,1,0.0,34.0,70.0,596.0,135.0,40.0,1.0
207,2,0.0,35.0,31.0,590.0,95.0,40.0,1.0
207,3,0.0,0.0,32.0,577.0,95.0,40.0,1.0
208,0,0.0,69.0,59.0,86.0,68.0,2.0,1.0
208,1,0.0,34.0,15.0,360.0,54.0,2.0,1.0
208,2,1.0,50.0,29.0,265.0,57.0,2.0,1.0
208,3,0.0,0.0,13.0,300.0,46.0,2.0,1.0
209,0,0.0,69.0,81.0,124.0,94.0,20.0,1.0
209,1,0.0,34.0,35.0,605.0,100.0,20.0,1.0
209,2,0.0,35.0,31.0,599.0,96.0,20.0,1.0
209,3,1.0,0.0,27.0,510.0,82.0,20.0,1.0
210,0,0.0,64.0,66.0,140.0,87.0,70.0,4.0
210,1,0.0,44.0,54.0,670.0,156.0,70.0,4.0
210,2,0.0,53.0,33.0,664.0,134.0,70.0,4.0
210,3,1.0,0.0,12.0,540.0,94.0,70.0,4.0
