y,x,z
5.426194899307708,2.1481896143787123,-0.76808429745681
-2.307158186341211,-1.3732288396382368,-0.4463553118383933
-1.8201334607065491,-1.3702595941444178,-0.8744560690443673
0.5905091861260077,0.4355701397990288,0.23578600264962815
-2.4778919961839514,-1.495578395177771,-0.6771601044666223
-3.1778590925226426,-2.4173709459635058,1.6242620065837292
1.2719576821658238,-0.0725721062116551,-1.0485020157168248
-1.2444925290925244,-1.0463823392902047,-1.0099472557326485
-0.2903664366034889,-0.7140669176556178,-1.3173105938137892
3.0968303908092483,1.1343619987544384,0.40171544846691687
0.898518176032395,-0.1820939547944126,-1.1644696760395856
0.0975157502426075,-0.5397310364567064,1.066978991508556
2.114436918515355,0.12416380014342882,-0.7868039840283123
-3.575271992741422,-2.143418184173542,0.7422893917859269
0.38020578646363223,-0.31183298333829523,1.9228952809365258
5.941004366850764,2.551568399977818,-0.7793734846873691
3.582278505117894,1.0545916580311687,-3.10907415659312
-0.7711523171087669,-1.6694913741934987,0.6399950567945963
-1.8645956391987513,-1.0154229598043534,0.6385226774977728
0.7208771614325723,-0.6332009124017896,-0.05568238701571995
1.4822876297538417,0.3500769139545401,0.0069359011015858165
-0.9948600876298148,-0.7564750356972492,1.1797411923315266
3.8079044776417685,1.07083377057571,-1.6352993239622202
-0.04589815254423189,-0.11457129726246107,-0.029529506569362582
-0.2615093481603795,-1.0080883358403543,1.831822138962641
0.7453151816468098,-0.32627983827566104,-0.5705933088526377
2.55078218060179,0.7439385105671646,-0.0670280481215882
0.6588415382390652,-0.1893417695200732,-0.09610106602308185
6.4117291188038985,2.590783394357986,1.0573250006708752
-2.433290991320032,-1.3626400664414287,-1.5994330911202996
2.879035757421779,1.007049150062749,-0.3881387871039483
3.0693412164265244,1.3201444010800638,0.8670121452044153
-1.3806466659435919,-1.2774583429319633,1.2799783674050536
-0.961095078643166,-1.3171003740495855,-1.149802185073756
-2.1194798989343258,-1.0622464844315433,0.4529859241180459
0.10280627854736069,-0.9795655186532826,-0.18128846739698695
0.7489809544601618,-0.43673334992224144,0.4449680373002139
4.138619685822164,1.6240493157692546,1.5374353696891636
-1.4340012212158775,-0.3879297282868588,-1.5098232155470956
2.1851234679815006,0.20337829432108673,-0.8264989488340735
0.6056716815820625,0.23893472978736124,-0.2739732285547891
-1.6525606878465724,-0.8667208019162818,-2.063222017253628
-0.03520953751328321,-0.06550486379739218,-1.7275410617177758
0.28583428111230447,-0.7869256363037138,-0.21293432478350657
5.72055905924947,2.814336473306015,0.6350574526324398
1.8292965501987892,0.1075199332256482,0.16860484534519907
0.7372296453664747,-0.25860255799542353,-0.4558208418722866
1.8324883869203885,-0.09698375524584496,0.034654078705243056
1.416485068040132,0.4358006570990087,0.5183311119358358
0.9094633704635514,-0.374800368089277,0.4310168375872001
1.457165423156265,0.4010060033293309,-1.425774962595936
-5.443667686819538,-2.6103418306605857,-1.5273124150970196
-0.23224615288327033,-0.6080552653943855,0.8764908375963447
-1.3433166266906393,-1.5041237383140489,-1.7157257970011348
1.1161578721919112,0.4326262972804307,0.919079184096093
0.029372364703426856,-0.7833218019225171,0.6639549267776932
1.1932011735408845,0.43030465548786023,-0.6868042386508736
1.0627254126311148,-0.1311970583276248,0.10404825078988718
1.2703128645180077,-0.07142875384978539,0.6639299730934423
0.4505785943228816,-0.3099265319043705,-0.3509460357663586
2.6450211715782945,1.1311306189167873,-0.7885916749126911
0.1419142346176399,-0.45019864366679285,0.6635732003553702
-1.7984667016852718,-1.6888377449016916,0.5814564055976156
1.6138288439258377,0.43188707094463297,1.088523652981407
0.25873480644777574,0.07214897095456474,-1.0334465467812854
2.830403284528935,1.2014822768070943,0.33171745758588783
0.8966536947777399,0.11491553434726517,-0.011058025444819083
0.1667826008677437,-0.45954932028992723,0.9738094592721931
-0.22712291242302707,0.24421798548970186,-0.3005127454139966
-2.60244855279451,-1.8662126139467519,-1.046964515349137
1.56950190567123,0.1478053128986197,0.3189390076507788
3.5379102900896684,0.7710423656891852,-1.6940199266570848
-0.1734736413370037,-0.44891466890446696,-1.006630038900292
1.180542995635805,0.14355718358635233,-0.1809437524013993
-0.1848434108747518,-0.31872844558677743,1.1615186599046565
-2.520338110386709,-1.541768103085904,-1.4402574865307864
-0.6514406046173832,-1.1739386817583608,-0.4787892745276086
2.734955310311778,0.5011008427703587,-0.43951294979047706
3.4979006129657626,1.2941913814605528,-1.9998311769779937
-1.1858265518113345,-0.6059739002587103,0.37396197921758595
1.9861950102786086,-0.22536906321616557,-0.6126311968480525
-0.711189083291111,-0.5873373507428871,-0.3093801400405115
-0.4055331749490665,-0.8068879679360826,0.17553216459646026
-1.4623311000743144,-1.9421072997269193,-1.2530760644951406
3.550419985360626,1.1355749196494043,-1.2247531669370026
1.750669847627072,0.01651020379835938,1.3507507473790088
-0.1095242831543802,-0.7048051322234915,-0.06952873981413334
2.119415115488497,0.9080401197194075,1.0594212293566057
2.575557871195524,0.7040927696047309,1.4168594436759032
0.6977881944474751,-0.12364180750329284,0.35632199095205397
-3.6191093863078256,-2.4800452240063735,-0.9687087822817719
-2.699603705639556,-2.0309731898536176,1.8323882757999141
-2.508955684810264,-2.4305801823225153,-0.2531605863542961
1.1971279988239563,0.6088445050333828,-0.5764179014217576
1.3823072459051307,0.3419655904201121,0.3954488677198217
3.1974206349621426,1.3608589666941833,0.8811067539844112
-0.49075153016163825,-0.8518613580401492,0.5344998176025487
-0.052044471944001636,-0.7822371415637639,-0.38709494774456454
5.720136438880882,2.5155450638157246,0.9241865099802927
3.3746768560608507,1.3765152496319835,-0.7381601697107915
5.489185285799879,2.982620623341184,0.40021099154266077
2.2540926090390885,0.31843575630468907,-0.24504313510750061
1.137233773051651,-0.14283642746406164,-0.9272457430116556
-0.3806848230128332,-0.5956899651291072,0.6996449223447251
0.6576408695996325,-0.3783059377319711,0.49319745613420857
6.094890169337355,3.2456920195254932,-0.5190297423835868
0.2702608118194448,-0.3172035020345355,-0.5654358866619944
1.702478837047688,0.7217635699582262,0.13036334558631119
2.223229735606402,0.9771122826977192,0.9921711494333878
-0.6144467329502743,-0.551222506620716,1.4381284318621035
1.014942568950577,-0.1563979183634176,-0.4536113228629049
1.3314709821587336,-0.18935678350598273,0.6962451848044675
1.7781456693609339,0.25728521026478945,1.0751701698100247
2.808119892604627,0.777134044782218,-1.049271640591987
2.8176129715576828,1.261865014236528,-0.054383247280970645
-0.2576751831689392,0.011918093437783273,-1.4264308139481219
2.603361916501122,0.7570728381321054,-0.07028738717870861
1.131852064713264,0.5261236356914172,0.7195889155835642
-1.5118354983768802,-1.6060488612178276,0.3496875452183373
-2.648291229327575,-1.92724210809113,0.9421882514268399
1.6909617095448137,-0.20764863721612747,0.12736649769190883
-0.5841243787824932,-0.33447046574138517,-1.1073140141499356
1.8565842797673544,0.1466077977542361,-0.009462768661896787
2.1706923794530693,0.8088962212683727,1.5089143301587533
-0.8426647124960611,-1.2426142815871635,-1.1761681639557118
2.9801326982709697,0.9940805281900276,2.2261922531004563
2.2370246390781086,0.3073577854314168,-0.042746219303198864
2.8662226226192193,0.9707272629626091,-0.07408573830727115
1.1915790533749568,-0.21432580130126122,-0.8677951541317629
-1.7925832106394932,-0.8686064910789422,1.5091089266467095
-0.7709417757162975,-1.0751417799593987,-3.1205577485538667
2.977706682644023,0.9788764801590247,0.5526162503525207
0.985676634107854,-0.7279482600621386,1.5169009587333768
2.55743780761415,0.7446963734397265,0.17279041147739574
4.936550029773913,2.1418041067103304,0.313289683274505
2.2559467128039774,1.5356038226667905,2.0412143926164084
1.403675945265975,-0.29498599826932126,-1.2266677099566987
1.8086168902794508,0.6543264539830844,0.8589133363211725
-1.5048961347973349,-1.4482144151036656,-0.8087174570314688
4.928039756885472,2.0389521712305574,0.03978384723363893
2.6614184643134524,1.5004669909717343,1.3235527357852672
0.022764373677487848,-0.6553535206639967,-0.7113637359127845
3.1959858979872884,0.56985880443491,0.41022106592268653
-0.5845942275914934,-0.2997272507296555,-1.030636849757169
3.5066011998904796,1.336087747465585,-0.07662204084517178
0.6612278646563468,-0.09931261225791167,0.620063652395565
0.48959860808387856,0.301012498888289,0.5537664685132387
1.3937506675057187,0.20255852163829335,-0.30826493771656244
4.148972131368827,1.722637363059371,-0.12976235842872233
-1.5473144760554856,-1.567219477052893,0.24394286320595504
0.78172851902438,-0.27812030581170877,-0.29561731414957965
1.275387286277521,0.17313163048669267,-0.6041592929548848
1.5600937908275565,-0.002719414202667192,2.217400994210403
-1.899834592201643,-2.304778236584493,0.28057324648284454
-0.07507069636310826,-0.3237674024557522,-0.8597903079961287
1.5454149613289487,0.37210560133208953,3.1836645701083217
0.5012269993037367,-0.15640149363908556,0.810002232957941
2.2798628462506043,0.8228761778585899,-0.40467000730269487
-0.7110740676563173,-1.1623927233657396,0.258412807602211
3.430388270047288,1.4286989184079562,-0.3435911849477991
3.2942282132638034,1.1451216046691055,1.3295776071269536
-0.15153173472521714,-0.3983031363911831,1.3444644333105222
0.7248692777501873,-0.6133801851782779,-1.623497143113383
2.5315230916172027,0.4838669133466423,-1.0900410003038417
-2.659956833080183,-1.7288757566877924,0.15332319940673658
2.4029436666623094,0.6091415301465967,-0.8722940453390208
-2.414742246305204,-1.4638503962367533,-0.12481505513425473
3.6320741892010133,1.6264826810151514,-0.04824515778320925
2.6248255951710777,0.9818997237180261,1.383344739319405
-0.6362583111003856,-0.8606132507542665,1.4816952843482143
2.908206379952342,0.441452576629228,1.0457097386884715
0.5540396389815534,-0.44081882502166164,-0.9633985972017713
2.39859044499004,0.614310927225925,-0.20779340395917953
1.0514551786058894,0.26034655666861584,-0.5525078099493222
0.21391880143244152,-0.6627761325493359,0.20866830174136067
-2.1329706483064514,-1.9117776845259051,0.1886010429930483
4.348611518972552,1.73350118695459,-0.14562946412861869
-1.4661863073442531,-1.5365674341980557,0.8861747454886894
-1.9267419616390487,-0.8453390397852956,0.3459308028965583
3.5495092494825897,1.247651176226134,-0.6575421210792718
-2.5131295510557816,-1.21080034682115,0.6597244088636564
0.6805363903970383,-0.33778861784036934,0.19124659591802398
0.11558690951652495,0.255141304086116,0.3639451952873625
-0.4417335925170649,-0.9295289946891752,0.6165215135723696
0.4543231362818366,0.1746967274603618,-0.1860346708593042
2.0398015733021024,0.24114377741836954,0.9800490958275877
-0.4587459909697602,-0.4554869923415117,-0.5021706811932032
-1.4655875416304178,-0.8860804292551872,2.464607216058071
2.4403478597271486,0.5154088160664424,1.080175360709704
0.6047739754306971,-0.0031154472985165382,1.1605420774337278
0.8016596465250003,-0.12421853739931032,-0.7970296768798852
-1.1543925020212829,-0.8340634474167574,0.3925245563290554
2.4412144348508247,0.6105102815198749,-0.9388648436098285
2.897654929098331,1.2000004581393011,-0.7784922036530676
1.850329076533909,0.7827954317549752,0.6990352920582873
0.3219246736496095,0.07330022745458531,1.7021646968403588
3.5991488524508632,1.5205737177475738,0.46280476491441175
-0.12270437797547035,-0.512279309534667,0.709231224824809
0.909400560248439,0.12724910398224792,-0.8123117193653833
1.416267031089238,-0.18973584741681354,-2.150271210204607
