firm,year,y,x,z
1,1,4.505241243414026,0.8681727185346364,0.679986958380327
1,2,4.069088031822777,0.7023144053950916,0.8710278997413949
1,3,2.043319016776391,-0.22845229651185125,0.41446418865976964
1,4,2.5188365369098666,-0.40726945416392163,-0.9684071057228492
1,5,2.846437230993275,0.5948364220725675,0.20582924880803444
2,1,0.31861681056255586,-0.2931783807374284,-0.08577238765350094
2,2,1.7256569716658796,0.8913220466024194,0.13101814792790356
2,3,3.2830780487866464,1.106419841627127,1.0968744709991345
2,4,3.403349380727933,1.0875855652977373,0.08658316983657895
2,5,-2.586583397421251,-1.2809673354864188,-1.2258711418828423
3,1,1.89331695080788,0.337006489779084,0.2606327639376189
3,2,0.47373479164788923,-0.14937312874712888,-0.017273475760922894
3,3,1.3751461023510079,0.3323321707739869,0.09216889010980349
3,4,4.253729426016403,1.3168899607513624,1.9076755144024675
3,5,-0.8885524097678674,-0.5386699941996789,-1.1025617689967706
4,1,-1.683244608453367,-0.8040469031026312,-0.4678431629854076
4,2,-0.692575958100337,-0.11038374834173498,-0.1879622875707186
4,3,0.9520830721892659,0.7367474068389137,0.959035986080934
4,4,0.9000436268289874,0.11034634237831602,-0.2747725558146836
4,5,-1.7162522617072473,0.25934648339522914,1.2313046634831513
5,1,-0.7104457463337965,-0.050952219465943915,0.5383908903194493
5,2,1.2676268911424557,0.5583697123294482,-0.3265143679821864
5,3,-0.16724156061442277,0.06689037224105221,1.0512706095726823
5,4,3.1673835558629784,0.7222926632068627,1.0458535925701986
5,5,-1.58858558566171,-0.7238977282171799,-0.5905181638712721
6,1,-0.11924028577754375,-0.6512713250437355,-0.09142442034612325
6,2,-0.08886865031801837,-0.3656255132568096,0.47564768406992997
6,3,-0.5027441393920293,-0.46774074431719714,-0.1732714133993744
6,4,1.6091397922802901,-0.3955946725985561,-0.05018690411501157
6,5,2.294023084871087,0.6572280091253209,-0.640543985238578
7,1,2.44280401313417,0.2278246721976096,1.0898206868126556
7,2,5.065008225942566,1.153878141052215,0.5084476954602432
7,3,3.886326677416507,1.2572475928707614,0.5987346059485892
7,4,3.72001701343242,0.5652327317200693,0.6704609341458794
7,5,-0.5351797448451414,-0.8579453063254358,-0.27660701884908007
8,1,-1.1614872486213923,0.02052926786536924,-0.24633262335073122
8,2,-3.4675511132819183,-0.8214998426186211,0.3762594606912565
8,3,-0.5696525614761763,0.17169134434439415,-0.7768761105120873
8,4,0.23878534286448427,0.8362459230462782,1.5941574689820301
8,5,-4.658865740816582,-1.5535349724720988,-1.5141958743500836
9,1,0.41946949047747245,-0.5923394608422168,-0.036167989106031445
9,2,0.1674944047006,-0.47826375478898175,-0.12493111450408073
9,3,-0.6718101784158133,-0.4430872343093337,0.7249031615845937
9,4,1.6799638763913936,-0.5048089753397607,-0.6608362769323961
9,5,1.8186319156336772,0.8799668039627213,1.1184023638257854
10,1,-2.028140130425969,-0.89476983531499,-0.6994797005626516
10,2,-1.2572190955659592,-0.7661940564418137,-0.5795168571565936
10,3,0.6452585393760281,0.1468712576621547,-0.853883188041666
10,4,0.3321103539515197,-0.38715880550669546,-0.38602021937825254
10,5,1.7517221770448288,0.9977772972196641,0.33411094298428
11,1,1.73856395345275,0.059577019601862194,-0.4188179950550986
11,2,-1.102777648304571,-0.835948696066531,-1.7799962359752983
11,3,-1.5095010931872066,-0.8465810880298987,-0.7645169144055508
11,4,0.3724759273421939,-0.7284677842460854,-0.6762947212278209
11,5,-1.813483518929774,-1.236396221813525,-1.7342934347462813
12,1,-0.376415458827155,-1.0374350439716533,-0.9206061385242444
12,2,1.2163044922812802,-0.3239058727274309,-0.4617733438969262
12,3,3.4399681994527223,1.1090339967822427,1.0294889450431641
12,4,1.5151049378765327,-0.09298055094810237,1.6754704287978628
12,5,0.7456038554775682,0.03383944210741251,0.5848070599255702
13,1,1.18148224634096,0.4505142203018083,0.45152524684087886
13,2,1.5538416079760466,0.27833216233743746,0.4953640190540399
13,3,2.678839006273165,1.2915197735735733,0.46380771249811104
13,4,1.184792055797288,-0.3403272485239098,-0.15343733991571337
13,5,0.9308579300592308,0.9607716445205934,2.1875039769014024
14,1,1.8240637713779442,-0.08137413171438657,-0.5153872472111705
14,2,1.2917089593436561,0.20299641944095553,0.6174846832049804
14,3,-0.6441969365158327,-0.7987709651898357,-0.4361762620020691
14,4,0.5778569270188926,-0.3557020110598542,1.7547565731773607
14,5,3.585218611902739,1.3751535722314927,1.3311477873063258
15,1,1.1349681289729503,0.04866890343681869,0.18648728251140115
15,2,0.6321741069629658,-0.588299772233535,-2.3527213485625835
15,3,0.7209098124504074,-0.1875572809540999,-0.013542096806743757
15,4,1.3046847239995634,0.07318109561604791,0.6582995698103021
15,5,-1.178439592047879,-0.9478244947505086,-1.1563504717383268
16,1,2.667634628630825,0.39630431347913564,-0.13506423687117708
16,2,2.723729667635945,0.8582698706514382,1.4092378807600296
16,3,2.3121896938192665,0.48931206158144347,1.0368150997306371
16,4,1.737621010182016,-0.24684000349022886,-0.5759265484320194
16,5,1.3927608773420328,0.2091536474029514,0.5293115023479211
17,1,1.9745278541285602,-0.32327700175235063,0.48068854663349103
17,2,0.7534648584846539,-1.0496305425259786,-1.0083205585307
17,3,0.4961049267667872,-1.2980813597385623,-2.251672357309824
17,4,3.6781963247678293,-0.36194094504181673,-0.34910529561011355
17,5,1.1590689143847597,-0.1778188760802768,0.7360144641403297
18,1,-0.5982518829226091,-1.196927179277381,-1.3944239946135617
18,2,2.3187644629087703,0.2947843044441773,0.5017892600516489
18,3,-1.3342316210890373,-1.0194867182676826,-0.3802931481943542
18,4,2.9833198920022586,0.1637447577203543,0.32005425837949086
18,5,-1.822068223557217,-0.998467173293748,0.12732803568045836
19,1,0.29160600811291504,-0.30001263966784575,0.20802909816965343
19,2,0.25405269642236317,-0.11170141788038973,-0.32085694740302456
19,3,1.4318114981493089,0.4758357899151942,-0.8266786211515269
19,4,0.39764744665354107,-0.672816396125695,-1.0342313854866119
19,5,0.3885523304800843,0.538469551593509,1.0317646605736996
20,1,1.4321372118092779,-0.07400599419456805,0.02587866016837819
20,2,3.3822444059420276,0.9763716325319458,0.8686027805810173
20,3,2.292800557507859,0.10533379662339001,0.5899750864302767
20,4,2.018512971930555,0.18191603053852798,0.37584032212904234
20,5,-0.04087701045154346,-0.5733737333648559,-0.5512573960107083
21,1,2.6997974228969035,-0.11915006583081035,-1.129008718722842
21,2,0.5845331865166078,-0.6923754366221195,-2.0849003784920126
21,3,1.0366995528719363,-0.2916891965057343,-1.294417397416817
21,4,0.2834264397674102,-1.3329116568325785,-0.8496806582724129
21,5,1.1665640577770162,0.519319154135625,1.129108777190512
22,1,2.706578649925906,0.3287833704885982,0.1576236833978911
22,2,-0.9763770604344875,-0.9360162751068993,-0.9345608101965599
22,3,-1.3121753329391004,-0.9898721572460707,0.2646043675322501
22,4,1.2230910622940456,-0.37227182159286726,-0.29109682597199904
22,5,0.8468916160152907,-0.43943462064932726,-1.8002613588569938
23,1,0.9070608235141883,-0.3985863258183153,0.6883807058653266
23,2,5.096493875567927,1.714225952443439,2.174484469812177
23,3,2.7336994825684955,0.37002672833231554,1.3114103595212725
23,4,0.4728427012109528,-0.8262300162539062,0.19198140303907005
23,5,3.4870678720931356,1.1424980169715193,0.8991663947666317
24,1,1.0248404950704348,0.35346918466128613,1.4887511149337225
24,2,-1.5923618562626065,-0.29800862386911586,-1.6891615217911986
24,3,-0.42518939530436534,0.09772643795342395,0.875414643164714
24,4,3.674806780195376,1.761755787560695,1.8406645417907137
24,5,-2.4758410201231444,-1.1433393985319258,-1.1346699073057682
25,1,0.9867354016608678,0.1213701821232479,-0.3978971353624293
25,2,1.2815287467459586,0.4294432837805545,0.7830098146484681
25,3,2.203358760574194,1.3084031029937337,1.376036925616088
25,4,0.9864569735112039,-0.3354405126771152,-0.09289563075937186
25,5,-0.7729843665804604,-0.5430782873029992,-0.9917236738486993
26,1,2.2600547230178676,0.772702775504411,1.882965936275761
26,2,1.0279762135422221,0.27482162420260176,-0.18542574299836687
26,3,2.94351811291106,1.158405457642725,1.4249295392564794
26,4,0.9423312679569407,-0.02246433361609801,0.19749484573648737
26,5,0.5112850426169858,0.07067794974183916,0.4277754033435557
27,1,2.5786214665911364,0.6577277500135725,1.6277075402162218
27,2,3.40847730159427,0.9747680110932387,-0.2142190181063317
27,3,4.246596205108742,1.4021081256345997,1.4885474812102983
27,4,4.754826251642274,1.5459345696203557,1.1386570384360377
27,5,0.5086018852828021,0.08949935012572419,-0.40556248105341164
28,1,1.7233859901983897,0.43238676469813486,1.392207925066956
28,2,0.7265975423835219,0.023170102917297986,0.09211018133620656
28,3,-0.8566613266069365,-0.782997111906744,0.6189650643899505
28,4,2.172248417314287,-0.23976170838760824,-1.0085833094234826
28,5,2.393555730405853,1.186466661971524,1.3173475865099007
29,1,3.931024479081144,1.0036890122758173,-0.057722514096864484
29,2,3.465392490147551,1.0397421248683116,0.9001351326698949
29,3,-0.09731980850626729,-0.07305301943344716,1.525394821496139
29,4,3.984915360773326,0.4551269482781567,-0.552840124060906
29,5,1.1453536261316133,-0.5485749527855968,-1.5248728486545216
30,1,2.9481327940548123,-0.49333733532324214,-1.0888003695782804
30,2,2.592124035274894,-0.13447691006531015,-0.6047821801597528
30,3,0.26316212864141664,-1.4631686882257307,-1.1421674159440107
30,4,4.186240440701708,0.16547545935481087,0.5547502014583913
30,5,3.1230350536988754,-0.030936424220203707,-0.5145187584300118
